Age,Income,Spending_Score
56,54081.6315796623,6
69,81987.54776364903,35
46,,38
32,82267.21011887878,35
60,60702.53339855474,74
25,37820.066135781526,94
38,24972.60086864287,53
56,29448.590123813476,38
36,46682.93183532152,93
40,56616.976485133586,59
28,86921.25953460902,43
28,75981.76424376477,4
41,43221.17495839395,5
53,68173.30566744336,68
57,93030.9253838448,45
41,97478.3484206007,80
20,53711.87976892807,25
39,79165.76859410004,78
19,87799.10733775648,11
41,29858.56153643226,29
61,49751.85825680607,34
47,104400.37468846526,86
55,53979.27779758192,14
19,1420.972705978049,24
38,57580.763792265556,59
50,82492.50998231723,39
29,60130.20873601792,26
39,74307.27893601268,43
61,78764.43995311463,36
42,52901.250971354355,39
66,49612.14027171248,61
44,63068.81951908543,16
59,63555.57845859762,59
45,61081.536396939424,96
33,61903.13045364928,6
32,45029.07730758524,98
64,75005.73820161897,56
68,71984.63894225933,8
61,33279.83266729084,94
69,52216.75365828066,27
20,61861.59745078893,71
54,49313.739954476514,27
68,72747.43955175587,89
24,58662.349230857246,46
38,63381.45058910374,41
26,51985.813850338534,79
56,20135.623531787707,25
35,18993.03356875101,86
21,71792.19093384055,18
42,65338.24152978788,12
31,68773.2441270217,87
67,62689.45684125826,51
26,64291.34806747029,39
43,79380.46747237576,89
19,68892.38744802825,10
37,80818.18700612226,94
45,63429.236824531945,74
64,53992.36518960458,98
24,63884.05724312492,77
61,43276.442370254066,54
25,52403.06142176182,29
64,63551.42617280074,41
52,63286.366638020234,9
31,57871.62239994023,63
34,,77
53,72728.19092841429,37
67,76684.56813199099,14
57,,73
21,68835.51993177462,72
19,60029.23668382966,39
23,39739.409807797005,40
59,89840.35738722111,54
21,64956.65953748047,3
46,63867.46347650913,55
35,54918.87603642296,33
43,53640.60867130276,96
61,73765.33468101693,71
51,39571.187546828165,19
27,92508.6371831756,34
53,88150.52915076744,78
31,52918.76906265821,50
48,42722.708682539145,47
65,19695.880232891715,46
32,34971.72255031546,56
25,74598.22985765748,57
31,66306.83717801308,83
40,69873.07130612175,51
57,23088.40729351677,54
38,52083.687597946715,90
33,87345.45612564165,81
62,58079.45189361293,28
35,34554.105307520294,19
64,57767.953383141976,27
41,44579.65163269501,48
43,66673.58119890794,19
42,60410.907577754304,97
62,70865.93328164582,51
58,35641.52746469775,7
46,51025.668626698025,29
32,81808.68682798218,43
62,32914.398911290366,69
18,39937.75967920043,94
42,63985.94619984128,58
24,65734.59678167582,8
26,50223.003145144605,42
41,54431.342347223,76
18,70664.51123111283,42
61,76992.70003519735,13
25,38615.56669420481,26
41,67286.390412559,18
28,90240.32000011444,42
68,57682.158772777344,51
34,38403.21692422962,84
25,37478.16182345567,16
52,56785.25117376272,3
52,80716.94609735237,91
50,59184.883003067574,79
22,63784.639598118556,98
59,40073.16635652392,45
56,79662.35265953095,22
58,,23
45,49910.07031456734,59
24,72598.29724092588,62
26,19211.370033601357,68
25,63479.22299371416,54
29,39218.52867216438,57
51,60330.98797818227,23
50,52958.887845761274,60
65,102116.69650696978,73
40,52137.57621600187,88
41,96853.02745766685,85
54,71739.04582366749,55
52,43970.82058540543,80
61,66616.21850519514,63
57,53911.80507324376,56
39,64843.149814824676,55
44,45722.18025133467,25
52,93803.55266691916,26
18,78507.96181593448,49
52,60635.63136323182,63
54,94582.29536139069,45
64,61485.58488165697,73
31,81952.49929722329,79
20,60766.01175044849,39
18,67877.75189621157,97
22,,65
43,61906.02707747874,69
31,63410.63720775998,56
56,46605.36335023213,9
44,51978.62666153824,70
26,55664.899670276565,28
32,64594.22033604593,45
32,59388.41960993066,26
43,83460.65067651414,28
59,76942.36637959282,40
30,56073.44887949255,15
68,87635.67794903879,6
49,,27
56,,38
66,78645.80170132559,68
69,46140.31605337002,75
49,76014.96042646599,85
21,84764.75881292863,64
47,42460.14810978896,30
54,22953.45801968479,82
40,76708.6817643173,207
56,62708.049649672226,3
62,26631.22492194744,62
32,110591.29010925644,12
60,72488.38824513103,91
46,73402.00080250305,30
53,,85
30,48383.52094306996,38
49,62609.08224177353,85
24,33613.561724404746,60
68,47841.03105429631,38
39,67713.20000938476,15
45,26694.306657350957,18
19,47274.20908643838,52
59,41441.32080124559,29
62,62841.8449124069,60
23,71494.02523330698,21
45,74843.05608752914,17
45,79976.33289556301,18
61,87442.33693144741,57
61,72144.90907366812,37
37,97746.7179778883,60
47,62390.05042529364,38
28,56533.57691498905,12
45,72146.1472672008,75
42,55671.776500148226,84
56,97051.294575501,73
50,82619.66946270425,1
18,75005.5628839903,58
44,62628.38688082702,3
69,51850.45657170274,63
30,,21
58,37458.05096306082,23
20,90687.27066882042,9
56,56447.26589229253,83
23,66102.13466481458,55
25,41807.97847613422,19
44,74459.72526238443,62
26,50925.167743233425,87
54,72984.57580610196,91
50,75147.86937954779,91
68,47047.357728229195,39
59,37529.4175817201,76
61,90637.9983308909,27
41,56154.01931941836,46
32,64496.97632091276,34
49,69709.29049293484,33
49,34925.99740203559,92
41,69253.32273639775,95
58,61982.53072309274,96
69,47129.38604591218,50
66,36869.28030324541,20
66,72117.71095914539,40
69,82554.24016389759,99
29,63571.81034785606,95
56,31310.69316300626,58
19,38853.3436565054,31
20,51357.52581351893,38
66,91292.394823215,86
54,55064.98675802249,45
66,50628.621544036,41
34,26530.3040064777,9
66,46866.30419779778,9
19,35341.27292018339,63
19,39936.403381544005,79
45,62399.01360317485,77
40,51976.71588777645,22
54,93989.88905342692,16
49,81560.06745414954,32
50,47822.32124379322,66
18,41663.6431651897,90
36,87652.83871328385,14
19,93200.84978966966,38
61,16115.03512908936,98
43,61857.15247943403,8
49,54962.43384206545,21
23,72982.40280119874,56
49,98853.36248323007,46
21,50318.85961344403,43
28,18786.029706721718,92
34,71580.15400298528,46
55,87799.28137208405,48
41,53924.804369604506,70
22,45899.25039720678,84
69,51254.811892446014,31
51,77004.1073426247,33
23,50910.78117430039,44
39,66575.20600685691,71
28,60556.0583147988,8
65,58492.40775154468,73
33,74025.84653504466,2
50,50428.40200271612,17
26,51388.26879635442,52
23,75952.05699999508,45
33,40261.49351662695,37
46,42395.596183553454,42
20,34793.71417312813,44
37,76980.21826553106,81
53,57895.260638374646,38
36,33727.69707841867,99
43,77076.17124618137,94
20,48889.15676849129,6
36,42566.4384232623,68
37,56086.42882246096,51
49,89574.47218935782,35
24,52100.75607006859,58
69,71506.7772823117,57
58,74541.60040901908,73
50,68865.46596012812,6
57,85421.43299348524,13
56,45857.679907354424,59
35,39133.30313899327,86
57,38740.6668795001,92
18,57110.631694004136,30
28,41059.066843189416,2
45,62950.81823730657,58
42,61539.76839449786,36
67,80371.46606372081,72
40,,45
48,,9
47,,65
59,39396.11960204119,77
52,,50
24,66388.02467191161,79
33,62586.35196300253,32
43,68301.30189871968,98
65,47119.079685744175,43
69,83040.62805619033,95
66,96443.37898791413,78
19,27946.477102828114,54
18,35688.04008091503,47
65,60861.66016048771,14
29,54868.980388942524,48
22,,55
54,,29
49,87850.90507451915,47
26,19017.522270928,63
58,76283.38966664704,19
52,45689.66361483358,91
36,45369.148607606854,9
65,55032.83947175752,37
33,31508.32720537816,92
20,68855.71050643706,52
37,63814.2993343359,57
41,65323.84496374541,88
50,77740.62044265812,28
41,90295.64092388308,36
69,52725.77901824906,64
28,69547.01279472947,18
66,65859.76416669959,89
25,67552.2901265788,35
53,67851.95328931967,68
55,91810.06689129678,78
57,50806.462630214126,39
37,29485.281935926356,90
52,46042.52462768226,8
65,75145.3386707081,88
42,60466.59017294354,80
52,50648.01319010008,84
42,38470.05463180716,15
46,64425.72243461065,7
35,72890.12550547619,17
63,66117.44110192056,86
35,54933.39337690108,86
19,62932.82568594925,64
52,62816.859331148306,12
33,63793.93862435325,82
58,36313.900979617596,56
53,63946.527012297556,46
50,51188.07063067611,47
21,80812.37212019518,79
50,62658.37283500548,16
31,76709.58443645784,69
38,53964.37225900496,2
65,54685.72324777083,92
37,89885.02492512664,54
25,68726.70376831017,27
24,45709.70935188523,31
20,77939.48877240949,41
34,49333.905331442584,36
50,64513.96275623046,47
65,96733.4926171881,43
29,31374.352247238916,65
68,56484.36156466927,50
39,68165.43281804062,93
39,75293.96669329348,1
63,35175.321852782545,72
47,29284.19462849964,57
55,81814.98703980852,16
55,45591.70286392325,28
62,44754.3498400537,86
68,91004.99345544333,82
25,61394.04629463645,22
44,61524.76455363148,41
44,56404.011096969356,76
51,35520.3586651366,19
38,73513.93898788776,89
47,68189.01043851247,50
50,63373.82650678865,59
45,57673.53921447484,69
64,54153.607013234265,34
50,78249.6677909483,39
22,57174.1387358781,74
65,58718.779229322216,7
36,70597.86309767546,52
21,64159.21861360772,60
52,92845.52115080877,52
66,24772.664450533914,79
34,65998.14876734526,24
61,45887.88439055662,26
45,41158.26930490141,90
47,50858.71587911305,90
46,61093.58816963523,10
63,,17
23,,78
52,49178.32340644361,2
58,65624.43102952918,77
54,42461.39098432691,27
41,37704.3219056697,73
46,14877.35385014111,71
66,46736.13103249283,48
63,37007.41602098373,74
48,40321.342337798844,9
52,54563.593934406934,86
50,48003.42246914204,23
69,36675.24212281388,71
38,17683.16869533546,73
49,66046.22610295285,27
40,75056.54427616946,88
50,52065.100420112525,93
20,54684.486070914456,81
35,60056.21031372246,84
42,91575.67153224503,71
59,28645.844123484578,43
48,51710.20548254861,7
20,25560.54071734561,92
57,67246.36917471117,83
63,57120.83212423977,63
41,64059.842258721554,84
67,63062.45125182153,44
49,,39
64,70762.65929136932,40
39,76610.15915320175,7
40,38689.306202061125,70
19,83863.4172995029,25
44,45552.74521022001,59
59,46702.60914752039,13
19,65416.851547059894,86
43,66038.36526098552,81
34,38562.86395535043,86
57,56534.41416452206,98
50,89764.70633738952,62
26,30633.2687693181,8
60,89704.38482025452,45
65,55166.0309716702,18
56,13244.903331296933,88
46,32665.365330341872,60
59,40730.44924529613,60
43,47521.413984345156,2
52,57905.73482749324,66
67,5930.397404768562,91
42,63736.08784955307,14
41,38898.189833502314,48
30,87810.45143202117,56
24,54596.46558512051,12
53,78856.9234346546,96
62,82206.97959828586,92
37,81665.46486932434,55
18,48671.86514075029,28
25,48415.99684557352,89
63,55500.5340142337,4
33,72724.74750757852,90
31,49786.09460491675,36
29,57614.75052819504,50
68,65471.876326788995,3
40,41902.16147904267,1
32,40637.83423341764,17
45,56834.72237192019,71
51,59483.57629903283,62
19,68677.70960003286,48
49,73437.73149903111,62
40,38018.74358856703,69
39,43758.3013611287,19
68,40584.954248737966,34
42,88248.94803182843,99
39,,49
39,60322.58590490042,80
66,61155.48728027026,47
69,45686.59972564722,91
59,91285.39037892061,50
23,,89
32,60791.81059555898,26
60,37894.87157698868,56
54,36761.350166875105,78
50,53821.849367884635,14
25,46000.1641285634,78
61,38651.11308906897,25
61,52580.839608568895,4
22,55671.439434482214,79
56,62835.7084092054,32
21,49921.61057251474,82
23,39847.98610679938,78
62,40541.58228017506,65
49,84259.45458452376,61
69,34964.84627276515,20
47,67263.6459658254,74
64,70390.92659548792,10
52,57574.49048328662,88
57,95356.58116810358,34
69,70034.37986055398,61
33,96858.060966093,92
30,46978.719961702554,27
67,47321.09180213163,40
59,70550.74317360029,65
47,54770.68725361594,33
36,93713.30849784035,68
34,66834.00767261874,71
36,39108.51560286569,9
45,25263.671829119485,16
43,58435.22815313471,5
54,58217.53740933533,98
43,66275.31846616775,23
40,84213.81147511805,43
26,81582.26607987855,89
29,48421.979353271345,57
18,34123.61196391157,51
18,35317.57729981859,13
64,45263.96589357243,24
51,52665.369039219615,11
49,66101.24277930334,52
65,43980.64806208041,17
42,65607.83942226629,37
57,67240.80291718103,13
62,62866.877651917785,62
18,37427.5400597461,91
33,69356.53450471917,84
56,101625.39257533447,97
22,64917.936538258095,96
39,938.4979869746094,8
46,84817.59144093806,56
20,45945.044466012274,93
29,105314.25380991385,83
43,62327.269027319206,70
33,26305.986120283487,44
68,18706.050200824953,60
54,90794.81525351758,41
39,82118.09971834545,21
46,104520.3777153338,86
31,60218.489711471106,42
45,58869.40233240639,74
22,52345.62415682885,74
64,46834.195174815584,29
66,52151.40891084369,80
47,64349.26664648059,65
63,43121.98426175796,17
69,26614.213062520328,30
22,63197.53268028355,26
29,42676.08802613136,53
33,-4788.754498801383,19
43,71051.34781314022,53
43,37838.81923765944,85
65,73235.7890938147,17
38,72756.96213031963,46
56,65671.80023045666,85
53,109936.35680712992,53
50,57238.96300055245,64
47,54287.20865002823,45
54,73673.44842833834,49
40,58891.052757724145,19
27,83209.87074788018,71
22,34623.88184848956,81
53,34956.511050713205,65
51,75316.18982652435,37
69,36703.781213227936,70
48,72181.97212885428,26
27,67400.05692420731,2
36,46110.23427944673,59
49,67343.40320466868,96
18,35308.15108431521,5
22,40002.001474725985,37
62,55256.24523175868,31
21,61578.55638144442,76
33,53927.22926024284,99
41,68662.31927746221,94
33,67769.32830096582,48
19,90587.3361669629,6
66,58094.29305709991,15
45,83891.26862368257,15
49,78414.51025787786,61
44,105879.54566586297,16
37,57454.83960195451,20
41,51592.82557094024,77
29,85153.88444487465,44
67,67708.65143482524,42
52,85633.18433567799,46
50,74335.97595979,95
50,17864.758172010086,34
68,67526.43554062366,64
60,66224.3179590298,29
54,62662.13804927926,3
29,57355.13891753234,9
20,28157.12944411344,75
18,77483.53834476646,75
50,67475.3685618699,25
57,82039.13394794849,86
27,29224.88951449494,42
60,70142.68979090537,46
61,55306.81324906874,73
46,62875.76019851059,84
30,55536.80731638218,59
29,70872.1585496026,21
48,56742.537580168406,74
63,38961.70149888622,22
19,61728.508375723824,29
68,55716.50925728999,63
67,58332.12757742233,73
52,-3756.2295208028663,61
40,73652.7216713741,64
34,53706.72765306438,69
43,33036.92851963469,40
25,78451.27033696284,75
46,72727.3145550586,1
43,53453.59607450287,65
27,36956.61240959962,62
43,63560.61469358745,54
51,,60
68,78486.68565983564,46
58,51125.28970279019,5
24,83898.44269729992,22
21,49194.93993328465,90
67,33083.36430915156,53
62,37354.34489045438,70
28,58751.76921728769,32
46,58689.70981882535,11
53,66557.22281501551,10
42,58192.51937763117,39
38,,98
53,54778.118030748476,31
27,20074.47470257168,12
54,57578.066230684126,80
26,19864.426244670372,38
41,65427.81961995395,67
52,81143.85997969832,66
66,40275.51027434961,52
52,88371.133727837,5
65,76856.62489456862,11
53,84129.60310830109,25
35,63791.27712869262,35
66,40144.696484963584,35
56,75616.30855628275,22
49,47507.9818646332,37
41,62357.690122067106,86
40,56572.98014392763,55
49,82493.91713593793,75
54,74606.54011846658,96
29,58388.68403375259,99
66,20967.856129196945,95
30,47295.45066941598,72
40,74084.44578968834,64
42,65602.20522093169,20
52,29935.56131174277,98
58,23868.24055062222,4
47,63910.18300314913,18
34,38858.85664568448,51
66,40784.07078324846,68
37,,20
65,84044.77560831347,9
42,44985.95945927403,80
39,59104.79384775653,26
30,58515.06668031279,25
36,56715.91790606966,68
66,60811.969523125976,41
53,75129.97855680312,59
29,46521.51306540809,45
58,29494.44930967867,41
36,93800.1986720752,38
29,81788.438489801,19
26,37927.242575012046,14
24,62712.64017551907,21
45,80214.0432917222,15
31,74980.87889052078,3
48,69240.2661985857,37
69,56595.462168165126,46
36,94546.07850123916,371
64,64417.1774491892,14
33,49700.81481358619,9
22,77421.51457691191,7
52,61921.17283902841,14
29,66995.95454507245,6
42,64062.98403182415,85
69,69935.5114753382,15
38,40430.87493201586,52
53,30977.872256599836,72
40,88682.65446467168,34
33,64991.691235783386,1
56,,96
62,24804.81559644748,69
59,81333.66217429006,94
56,49570.287092884646,86
31,43875.63666381911,20
48,58732.53664736027,80
22,40440.39578914951,7
52,59965.36603548786,7
40,57273.23305971027,50
46,81207.91810467765,2
60,90266.8900427894,47
28,89630.31585683167,14
35,14709.700412077676,31
64,41296.6634031343,50
29,14502.264723552755,61
26,36129.154511299384,41
27,47009.63578192337,14
61,68211.23230453888,5
34,49601.335310149196,75
55,50158.59858102708,5
24,63635.29366399526,64
63,25813.807095843782,431
30,43228.136940722725,75
57,49928.867483652546,5
59,55951.960227373114,96
26,61539.079804510904,36
67,90012.99579466083,79
44,78166.72322162188,19
19,44613.799510161305,64
22,54773.418810970645,22
46,53411.21725815753,34
54,49716.94966958513,56
55,65450.3165164182,17
36,22804.408940581838,76
25,77614.28776012968,89
65,93871.01581430712,56
62,54603.189186563664,17
18,54212.711497643424,74
39,63140.88494417343,92
69,80387.7195392042,82
34,53514.125663655155,18
24,78678.90332203473,45
42,69769.89344906485,96
62,107232.22888009381,78
21,53426.75969675408,56
53,20479.991045583323,80
23,31341.21758628972,50
48,60238.56474800314,58
36,80557.64188041503,18
61,46949.81719158552,80
56,55381.3510024934,81
44,73696.8547466315,7
27,40695.347982430845,76
43,47774.61201610364,98
36,36645.466247794786,10
56,83564.56185765124,69
20,90833.45623592734,431
62,28411.700210138795,3
30,57156.29002023554,83
67,88145.1795012989,44
45,67973.90367244475,99
37,50215.21534001811,70
45,29076.757607782023,14
25,83058.89103645728,4
58,67210.30429888995,18
56,30540.27224516489,93
18,83797.82107749982,99
20,27991.928764842603,52
30,55590.27691665177,38
45,54707.705932557416,80
66,92367.62657695671,20
42,54779.076162396945,88
50,54707.1462739855,99
55,,44
23,47192.046418827886,51
61,43654.09078238715,19
62,44695.55267990615,68
49,60125.690497837466,97
62,11316.472283148149,66
64,29795.395091662045,13
38,57779.6225278569,62
33,62425.09366207863,61
38,55331.34402712209,30
28,59184.11020430078,98
54,51817.66772689497,30
53,59629.90793540674,51
52,68682.84440524432,88
36,68542.67457375322,48
37,46220.83177083009,33
35,78301.894791659,74
64,63142.17389006639,82
58,84644.27912679539,19
66,88657.44862534164,71
31,31145.465572535082,57
32,42819.449222625815,19
48,76270.96079941101,88
18,26702.15159742105,79
20,88403.53925386746,41
33,53122.356103746744,42
40,71500.66070218036,87
28,57672.18674278447,52
29,32152.209444326258,4
27,,4
49,115014.4606107466,5
33,49699.83447288616,41
25,,87
55,7018.009134658809,61
29,87030.05806912242,75
41,78235.30645684006,55
45,25332.32275890172,75
25,18702.29075906227,13
45,21015.374336694695,14
53,72903.38250745636,60
43,74899.82839228165,72
25,41533.32111262424,25
67,69985.20062765597,82
45,63177.54241982305,44
45,52654.605862915625,82
54,79403.936533706,10
58,35901.287975439234,71
53,82950.7842718779,50
44,45429.56891971295,44
34,95630.73363934089,14
26,39893.87953037067,15
50,52968.55842799746,16
37,61171.742750847065,2
30,61046.37095644967,30
45,69816.57001236192,30
65,34286.35163506646,82
46,59253.7518350673,31
30,62762.63412805442,77
63,49445.23551943747,20
52,68081.17234918835,49
23,33072.60173024438,35
35,53470.92221898633,23
68,44936.31751192668,97
22,53531.38140901962,99
64,88940.70919842407,61
42,89329.114523148,84
19,85408.3292116244,55
27,50754.85439838297,67
47,78152.36553600414,8
67,62247.24253851608,40
62,60911.79407006017,59
22,58452.77304761662,32
50,95168.3571475825,93
18,87316.77211112928,7
35,74897.92836894195,2
49,56593.980689787466,85
64,60791.21516509124,6
66,70611.33209075469,92
28,49567.82176291956,36
38,78766.31431929008,32
43,41575.09777114187,45
42,67836.87375994811,42
39,14205.689004147403,53
44,48987.6294679574,9
66,101553.54265838888,75
30,80723.82988783822,87
50,90709.36899869048,75
51,46653.84665291236,49
58,62075.456736008724,290
52,85639.8450618861,67
18,72661.89869410754,11
38,70171.31754716639,50
65,92611.63940660126,35
23,39190.90068772144,15
45,56315.23921108994,75
34,24918.28874661291,31
22,38097.87896128798,92
48,81483.70784357942,62
22,41653.01467615753,28
55,74710.48508250195,96
20,93169.70083936161,25
40,56441.23650016123,84
54,70397.26879599625,92
54,74866.2425908584,25
27,35570.09873866869,75
27,47670.95309397906,83
36,39926.77576656395,92
34,49265.53779833943,1
38,74322.213961622,59
31,48096.06538115417,69
26,59296.93546136366,74
63,39150.767661375285,42
18,84528.44329067404,34
68,49097.80019553326,66
62,90459.61103819909,18
30,61218.581876987206,77
21,31860.008440738413,5
18,56579.46506908751,20
66,38744.46345067671,66
57,71786.98754756305,75
49,54772.74435346267,62
51,63264.205100547086,94
45,52612.93779906874,96
48,48893.153922733494,32
25,40527.55980768746,58
56,76724.45873643059,50
43,56536.93796400604,38
51,53706.18212603232,55
20,56035.722031156794,28
67,46422.76413028451,74
29,53772.971464479495,86
18,64112.59629386975,81
61,,22
22,42212.960138415845,43
47,87565.68187245348,83
47,52744.869344008875,81
34,48968.7838215198,88
65,33122.56788881449,36
64,77013.55274948478,96
40,38881.48372978313,52
32,59694.14678077084,36
54,25836.298613668187,28
38,76363.45600728234,78
31,83537.12487237161,58
19,69690.4069095603,36
28,29310.397371894065,70
68,76775.24287818461,9
56,43453.02000719294,21
55,36580.562425567754,64
51,52330.77908484693,76
55,51932.64653307021,61
67,49899.026976394205,94
51,85473.48495809388,95
35,100236.51992885253,40
47,32617.26925301071,56
32,46223.3521135082,4
44,62854.96672089913,31
68,52225.67018125545,27
51,67987.97498557033,58
69,78319.7071189159,25
55,,69
50,72194.67135699664,70
41,93181.91041839446,5
32,28221.05434167781,91
47,89602.1758390923,8
59,51740.16731820512,9
68,75702.50441351254,15
34,39406.675434411125,7
22,41830.07216213444,96
46,73242.34582964054,72
21,21425.399545003085,15
27,79788.84156576626,37
34,85199.27004683176,83
27,63555.6970765792,39
34,62835.22071157114,6
37,43327.27710183096,83
41,73488.98804807337,57
22,66953.30492814851,92
51,41569.89207952354,81
23,52170.40099823616,19
19,56813.29150608393,63
30,,31
60,32741.771733000503,75
60,73980.40617167791,79
65,55129.79088196211,10
28,,87
68,48434.668252051466,67
64,69505.4294794398,62
40,63973.92368762806,3
33,84255.68778260837,18
48,69611.9742587797,25
28,55946.31196325778,20
33,45205.663649948794,58
25,77319.0536783329,93
21,,86
57,56565.648668075584,50
21,56560.56787414651,79
42,51967.84578685741,10
20,56909.22011540261,21
49,98524.15125465154,29
20,39043.55891744616,96
44,43709.9157847678,10
46,87686.488363085,13
49,52503.91231009857,47
67,50987.5743185021,23
68,80697.27713546867,50
36,31596.087654364976,87
38,76429.08858506811,95
22,60912.32858643088,4
35,69296.04261663955,67
45,68920.61910504251,85
59,47440.34827034724,53
39,81023.67560299813,2
38,48997.24577043862,68
23,68176.98037997483,65
18,84754.48971058273,79
22,87578.03399692939,57
58,54657.473281186154,97
29,69262.70548482021,70
43,52810.22419592761,7
63,110075.92454537548,19
51,75602.52011747636,44
66,61681.16871673871,63
31,66251.24346915486,65
43,68142.10830892135,39
62,68734.87081566964,83
44,55200.03564706886,26
26,52113.454015296506,44
43,56962.932765470134,12
64,37206.16589905585,22
39,74365.4881394892,77
64,43965.899147020544,92
47,38800.99842030567,14
60,59712.91066871703,86
65,57397.54740620226,30
34,64992.68951577977,44
43,48635.89261207181,84
53,52149.14883538053,91
18,73842.39010176982,38
25,72624.34400990387,59
66,71790.50092353356,42
52,60679.352247029645,52
69,63378.452466645496,63
32,64608.77775421007,61
64,46879.16520382047,34
39,89480.93200292203,39
31,86631.760649754,41
43,75884.91182001935,37
45,51482.768271968045,65
40,70782.88235900301,79
31,79567.39875539544,32
41,35536.06196557713,8
19,93890.23523396994,97
62,25212.247776884098,18
43,74092.1163941815,45
31,89065.64612504939,93
68,57738.73071945938,96
24,56990.71200353853,33
20,73353.21585293846,5
64,97037.63783867744,82
40,54378.64724117268,74
63,44380.89616268111,36
60,51524.490887840155,97
64,28949.720154275594,23
62,77955.15797430312,40
35,49718.33894572281,5
55,55833.21691868889,34
52,78192.42262838013,24
68,52461.79351180302,17
32,75181.80790776794,95
42,39238.22992367426,71
54,79174.38856647996,81
45,66838.10042530941,92
27,58228.41938360663,22
56,62617.86975887592,15
34,34264.774106945275,15
56,62160.0148789394,25
39,57166.60429286792,53
43,34811.34779124873,21
61,46578.491461869125,66
42,57415.094840949634,91
34,47854.15630104317,32
30,11757.721898991658,21
37,81527.75079217732,68
42,57158.202498206694,44
21,14520.995815269096,83
27,102699.2587935879,66
20,84827.84662626378,90
58,53020.358978633296,98
62,43150.05017266598,14
35,68063.82421521044,15
64,64046.536297682826,20
53,70841.79849600747,34
64,43207.594534899035,36
39,81955.44041943266,83
51,50530.757536489014,9
64,73615.31497311134,71
25,44061.21479085952,30
57,112962.87971506972,77
66,73910.46697930517,91
61,117684.64553147292,63
36,76552.03952652092,35
59,48770.71286262632,13
58,76587.61587178393,79
54,78011.55636386434,46
23,67466.48288995525,56
69,72607.84944064113,9
43,75234.5425881535,87
51,40126.37978468517,36
62,38702.831905400955,3
23,,98
54,62550.84788741021,19
50,55536.57657053159,28
39,40488.58868154103,23
38,75506.28421039294,7
23,65660.89640272959,76
23,,14
65,54840.21389652129,46
21,52435.43795268854,15
47,43173.37676382047,67
28,78674.80585074675,15
47,45930.14236693627,51
48,64187.809333856334,88
41,93240.20792544066,8
26,53354.84510621299,69
20,79214.0428143839,62
68,71374.18032071347,51
48,66229.35126522108,63
57,68606.96883809505,68
54,58101.86861458139,78
53,60695.51937586881,16
41,49037.721035485505,84
48,60829.142422681776,24
23,48295.48008433006,6
19,80113.10186153195,57
37,26010.05142643112,31
45,69621.06582250964,6
28,66731.7340284456,99
21,64920.31928352067,79
32,80489.97897730973,29
23,54277.52819914105,67
66,65108.676891441,75
47,25669.16223627094,3
55,51693.662357295536,28
68,77114.72862350449,74
19,33216.76528927036,97
32,63194.8673410149,48
28,46449.65856232405,80
25,57780.2605645653,10
43,47646.45022476806,33
68,35056.08791413139,67
62,67720.06629919601,69
61,59008.064759505076,12
22,72252.58239374399,57
23,75888.75815997722,44
43,84505.1747417803,13
21,62669.734908853294,24
36,85372.42049206416,44
37,40484.50985218091,57
50,78179.19658456263,96
37,69187.80832655707,16
66,64661.853050295744,96
29,68894.64468326235,21
64,40785.222433290764,76
18,36065.06380149955,51
43,94196.56372153998,21
31,56625.5564360546,60
55,56340.13156386599,51
54,37953.81051517416,21
28,30364.43389006326,6
53,58233.62242375436,73
30,53168.24156982544,65
60,60034.68713484902,76
20,61743.0788076435,58
50,109789.22162521388,78
23,53228.400385220906,6
67,91598.80215886893,65
27,92840.48430089891,86
22,75072.48570543969,34
40,55297.47334901777,56
27,32770.55327734542,75
61,69558.87754667814,3
19,80376.24159401888,42
30,94953.7492856597,62
57,41000.840915064364,6
19,55129.47221629466,6
37,41122.70819154306,63
18,47330.44015126155,20
54,73287.75068471255,21
26,46413.904612685285,2
34,43514.576453659814,90
26,75939.9172744455,95
28,69014.77580087094,90
32,67000.22395870349,56
41,46942.252836018684,96
55,85860.46556429403,10
52,60289.80394639582,87
47,107603.80277509539,70
48,63223.32338940089,23
66,13333.043163056798,92
22,12442.489304462622,30
61,72478.99883690938,257
67,86009.88304661612,37
31,44323.43740152301,55
28,102019.57545554303,96
26,,49
51,64210.935268822956,34
29,70789.07884712263,44
52,77890.60434777034,22
52,,31
18,73642.71933491163,7
57,63758.63304542298,21
39,73446.02395173298,16
46,70747.20562898452,20
25,78488.20374549988,43
28,28599.534138409268,44
58,66317.06899894911,47
54,69208.81015159472,254
31,58543.05665895656,48
47,75683.32888435117,96
52,98423.35241138082,79
38,62764.34262208881,69
54,73834.4216141538,11
22,92125.29520903106,79
36,63231.29011883711,29
31,42230.735952823816,45
43,72315.57698175848,68
21,15966.67726403848,36
42,14032.659240746398,48
62,66660.24094232515,87
59,13100.592338362672,15
42,33696.64515143618,44
35,52398.02872979355,67
57,45571.673005082266,96
25,57043.86992905765,74
56,82257.40281536993,40
57,64769.61622727862,86
31,43213.591964410814,14
49,87088.82145568552,63
68,31422.855269116182,81
55,64437.67017544199,85
50,29198.28049976591,51
40,65046.35811461079,79
32,53627.45192214805,58
50,81644.75823052735,15
42,74413.78942388459,65
34,48257.213360166745,88
50,44421.20718367517,55
64,53698.06533935781,76
19,97511.42920068679,10
31,92381.36962216161,42
57,40634.63629262699,95
57,76004.50676002697,11
68,25371.37142205469,16
56,51053.150778852694,73
68,41448.712942750826,78
23,81385.58915144882,19
23,34185.64960423176,31
20,68587.00470844944,73
24,60014.202431319274,53
68,56491.0234054098,90
25,93431.65901488796,8
59,95193.94384668622,24
69,57112.143630940576,8
32,53081.67398800012,83
64,29862.533623936662,48
46,59914.820255215796,30
50,99066.06511491982,58
69,57425.29320944154,86
47,74575.18566287559,55
56,32050.053521614715,73
44,51304.50140532797,62
53,69249.30611605302,48
46,62117.24796096105,4
55,76493.34668821123,37
50,47946.562308826724,8
54,25000.229023526692,1
44,82441.80460644541,92
50,,70
21,70132.08055003968,47
39,69017.1373297683,75
19,26724.93609936016,5
27,80982.5083448005,50
22,48668.65610942061,24
27,61101.09243973923,47
50,52836.34872068887,18
55,92451.83004465819,389
30,86869.80416368126,28
48,23753.30832458556,77
64,105176.54243816377,5
53,46433.865349696076,30
62,102048.73353963677,1
41,54875.80855720031,86
69,53181.6658781613,82
32,55053.44533844355,46
46,51984.207100410196,69
25,110487.93075646443,31
22,58472.73601358732,70
46,53954.07134922621,91
64,61540.21514985888,56
21,40653.2960615059,89
29,91942.41068580502,93
62,30578.383286137374,28
19,47719.827858571894,16
44,78733.20619693585,54
48,60847.04261534864,53
68,70984.30365000093,12
68,90663.2823337086,20
53,80076.03096664959,82
53,62749.5269028229,34
43,101786.85299703597,53
60,47433.27702407534,64
44,57993.80718014894,23
22,59391.193369944674,27
37,57951.564679660405,17
28,38615.78686077679,48
27,28327.003496790036,21
57,68344.03148758387,50
55,47330.52428898685,40
23,98156.1757796256,411
25,58549.15353529521,218
40,54970.21485017019,17
64,81886.79572805308,61
43,68043.85274895444,50
63,56489.65144425903,90
60,47185.365044711136,87
29,133154.03607998148,6
43,67235.71524523477,28
30,81688.59154768792,72
57,39541.08959533009,55
35,48440.2922715265,58
42,102246.91776580576,45
50,87938.6187871127,72
64,69152.44207466567,19
57,52368.58216405953,29
60,55319.28456086848,23
29,46477.785294877416,32
61,36863.01339722717,10
53,78476.88368522028,91
65,70776.62445584117,49
21,74721.57632684546,65
22,53262.040240754715,29
54,65112.779502663274,59
25,51359.12470051731,45
59,45453.83874459387,67
66,93341.24872284352,51
45,62430.14593681486,95
48,70149.08676573081,11
26,,86
68,62680.81772466048,82
46,64812.65488050309,99
31,38267.49646092586,6
57,42077.699431268295,67
58,41043.70489743107,62
39,72109.1683364107,5
28,61417.8130564413,9
40,42079.36872468825,28
18,71601.97683270414,83
63,70869.12921908213,92
54,46100.680174012705,91
38,59443.449107414526,77
43,70942.83350120953,38
63,42832.892917611534,43
53,71324.535297919,21
40,66020.47208327123,91
18,40016.005889979475,62
68,64395.93469996204,46
57,67312.97173311809,70
32,47479.97747722402,38
38,49054.32700267582,49
64,39831.601381376204,75
26,51020.02061752212,81
26,59758.35979125705,39
27,49109.556826113585,71
69,30302.242035122254,30
43,46228.23950726746,21
58,51654.15786375996,1
52,76336.77419264504,89
69,71895.29829553861,32
42,76724.42157750005,8
43,45219.622060020636,69
28,62831.015581586864,30
55,11539.070019969324,8
19,68578.40796361977,19
24,72217.95347801594,59
35,52967.49664278152,55
44,65908.59623443564,30
51,29701.514492598944,79
44,43978.66019200352,36
34,75308.98476864552,55
60,70225.06557079148,44
61,51762.90977910465,27
68,76227.24634809421,77
41,62765.96233599822,78
42,49915.58072155681,54
24,56343.45378793412,48
69,50891.64617376929,30
23,36324.480983629444,39
41,85133.71611804202,13
50,48639.51133414818,16
66,43352.78571406177,44
46,29413.033589732822,71
60,7280.642648217465,27
39,74029.93736237974,45
43,75872.17374072425,35
45,83860.77169189416,79
67,57019.21367659636,28
38,53560.1494541281,99
66,49845.53773393718,7
24,51668.847403235945,62
34,82395.80701480375,51
37,59469.695025420835,46
58,67561.41592002806,20
66,51159.863360791926,96
37,86416.95812441414,38
39,21905.222411305214,61
45,35589.51650563908,32
57,67594.21048469115,26
66,95012.21502461872,58
24,55497.99600482459,39
18,43152.58388545313,20
49,80013.25410316688,82
30,66473.968840298,50
47,85804.27623988489,79
40,34192.97830511317,52
68,84233.36972021851,86
36,29030.85086463457,22
49,54236.55707690265,53
47,68255.65505647853,85
46,63720.26756398188,66
66,81211.84671964734,43
62,23466.79965981553,82
46,62820.149593980736,23
47,83992.84065567894,77
33,61185.88454144193,64
57,37153.20640466595,9
36,80150.14789653305,7
35,47033.794597126085,41
18,43513.53975874243,54
31,40997.28494232986,65
68,,2
64,63661.204407457415,4
67,34617.99890593841,78
19,38727.082465401116,32
45,46110.342482755645,2
66,40900.22704226719,64
67,60735.1645309886,14
47,67224.43192801761,20
55,64477.476205331855,89
68,64506.63777495605,49
21,93419.83430577221,8
18,68473.6719925431,92
25,75679.28495778494,63
46,51707.685004460545,46
56,78880.12285322983,21
20,50752.94952413356,87
49,68228.96655177181,32
27,32572.66263635235,8
27,63324.68263976243,95
36,,16
63,78720.71308967815,40
51,77517.52923997569,27
50,50667.45224881814,18
40,100991.49857249079,35
45,54282.4340761305,52
49,27759.621986549457,15
67,44417.6405927464,63
24,39117.17955284298,53
46,67592.04203572508,91
25,35292.73946655095,81
18,49215.7196838751,66
20,66291.0434107354,31
41,62772.91789423605,61
40,59747.12375316441,64
25,62520.010380881344,98
64,52589.99804984691,34
54,27924.95888667339,55
20,52063.2355851071,59
68,69374.99568630572,3
50,57261.30022781192,17
45,,78
64,48264.339409810294,78
25,79886.72159755857,46
51,8873.642650573325,38
52,62828.81025846709,35
49,86977.60694242557,1
41,89953.97032082925,29
31,55363.476615150495,4
49,33476.03688714231,61
63,87329.45684686718,97
60,58962.69666388879,17
33,56820.60921460239,28
21,42142.907182445386,50
69,35002.250382834856,90
54,71277.26337848708,8
38,73397.42909517321,34
31,64030.88003598843,59
48,44719.084368123134,18
65,38700.023497817005,95
35,31355.02689560214,59
24,48789.09647844054,27
27,39882.92870502072,16
24,25813.80609417909,10
50,73026.90024706097,76
40,33618.72277030065,22
38,79678.45362861468,16
36,67881.43420226927,12
65,65886.82375236799,75
36,93306.18092120183,84
53,34283.9473187095,51
46,77475.43992097591,1
35,54047.148539571404,27
19,111421.40313259081,67
18,52384.11137721581,12
64,49153.83327748763,30
22,68510.71549714533,9
37,55821.829355827205,53
28,44830.74075400262,61
59,40594.46432128325,54
19,89164.08976774807,37
20,36730.767362000166,65
40,64461.751207609996,42
29,81123.6827925219,49
37,,4
22,47966.9519563712,64
54,55876.303987484745,79
55,51996.12997971255,51
47,29299.6247466825,91
26,70750.3476604023,72
51,60770.072912696174,60
61,88811.70161203758,87
52,43535.89805397154,79
69,81773.93117235391,91
39,83184.6830056841,31
61,60941.43373615775,72
41,16582.768583326615,94
34,49748.646851114194,58
27,95717.42248608233,82
47,65941.11542983819,4
63,73867.99411743772,22
40,58216.668367300634,3
49,55531.14180273743,79
34,,99
67,75894.78434110613,47
68,81593.62409444753,38
34,40982.754290666235,33
31,56422.897569833855,78
26,53725.17445291419,48
57,68403.06587972572,65
19,49112.7283698181,26
62,78626.81846366005,8
42,61426.48632248978,50
56,9011.538888306044,80
26,68854.40550385286,38
39,79927.01975181568,10
60,36958.76679470122,42
63,68174.53869949149,37
21,96599.1933950842,26
43,62241.327503564775,92
46,82832.57728658979,12
62,51156.900595269595,84
51,59640.71423085688,49
40,55907.57424147309,14
54,52257.591473048866,46
28,57045.559098338475,35
23,27386.36438151365,29
35,53382.39731233407,12
38,86756.12910853571,82
59,40726.198862963334,44
53,38677.334570533785,66
58,61224.2474278951,2
55,62223.66286714489,59
51,67549.29438107973,17
34,57725.22853630722,10
54,61437.28328916667,18
42,52982.30452742002,22
55,,83
29,58572.16263378698,58
40,74491.93992884929,53
59,70301.09252704668,1
39,25115.15746121425,88
38,65038.50726618165,61
44,42144.60948285661,89
48,87843.28010442764,31
23,66525.3956585676,31
44,77925.67920261214,66
57,60423.3628882972,19
51,58678.90002205045,53
29,89916.89835306494,76
62,79455.48793250033,74
24,62357.173044950956,95
27,56006.671477252035,22
62,25856.5054893826,23
34,66491.3506974828,87
43,57477.920613605704,15
38,71079.12094164552,26
45,77156.37683069572,3
63,84658.42190094493,87
19,66739.85821788809,20
60,39072.79069743589,40
18,17013.728981637338,39
68,43506.002792864165,72
53,86669.76999010135,18
68,96469.82938598882,41
43,55241.98496461649,70
46,30780.814914352974,27
38,47031.7284999432,15
28,82756.11645395742,37
57,48179.73652945786,58
28,71782.47895335028,5
53,63371.1660259607,73
66,,7
56,96360.21997894076,41
57,71795.62951068676,84
52,62938.32553275859,10
51,98567.47131617839,62
64,66991.04203250122,26
41,44141.05005336799,68
39,73749.30579538971,24
22,68949.11084265941,78
50,53841.953154588,41
53,49648.27895067453,65
64,54034.81025370184,17
37,,24
36,54684.80362574216,27
52,43144.06795516277,7
69,67723.09376319632,73
60,66224.02627917638,99
34,66904.03554458938,12
62,58752.61321126692,85
60,56446.734879498756,3
51,88840.1159530703,79
26,61348.11773675606,85
43,85275.33692110953,10
19,40071.68033667373,33
26,71783.55668402757,46
26,45305.93926679969,59
57,48876.961434133314,52
34,51761.883201448974,6
18,50508.02062792443,2
42,50607.90687036299,29
60,84345.5017978113,40
57,60908.2234623528,97
59,64501.10778419218,61
42,50856.80072897101,68
56,77138.78607436217,68
52,67101.1255647784,29
20,53821.42711300524,62
67,28314.322147467137,60
54,64325.929168037415,84
61,71513.59045070916,41
61,40423.04323353307,87
68,54092.107626016754,82
47,70743.21002921912,89
55,28581.43885756465,65
51,47022.956331802205,64
29,67538.17883252802,79
36,82100.3687770322,63
54,103715.59624542334,98
61,99173.09536734181,48
66,62875.38964632019,20
34,50315.462370360954,37
27,78462.44535541773,64
66,49128.14152552685,471
64,44758.09430108697,86
29,53894.67895269799,5
33,51386.53399645786,34
41,68252.6124613175,39
36,47951.967557312775,67
25,61702.4411459563,81
48,91899.0690281064,62
38,62442.814281480954,88
34,90334.84576243555,24
40,84041.13202131898,3
54,71840.80473401265,71
33,52916.94420122959,89
23,,67
25,55000.501627238526,79
42,59959.806899460775,93
35,66603.97348331189,50
42,59892.65055213037,29
29,45594.64563178926,74
32,29458.021700342615,32
43,79182.65860650958,87
58,71406.84253612721,39
62,25587.78015007316,9
43,45064.253009262866,14
64,63581.30858546769,68
49,68851.44707121135,64
27,29630.92682065817,20
33,58215.22666915157,28
24,70793.09190507929,14
34,52969.7639620144,44
40,65116.59296868787,98
43,50248.96235911046,77
38,78183.92703399043,95
39,44014.28572267458,97
24,37158.4352181124,39
31,60578.537281231016,28
32,31329.480554230086,64
24,17897.776238744198,89
26,81674.70596108027,32
68,40315.51036878362,9
65,33326.968348323746,28
25,43764.82446100784,95
67,42866.9873717841,17
40,57157.77077672912,87
46,38130.26532628066,77
35,69963.7228451231,55
48,72924.68262315431,10
47,34500.17098768929,80
69,47638.067541032244,6
56,49538.85519922828,48
52,56699.85277267316,75
35,81653.67033967364,67
59,82806.26830005216,92
56,109977.34772331573,41
34,14612.521416916432,79
31,41514.085536967425,60
48,96280.18362149967,77
41,23985.993644463306,42
52,95825.30128341413,81
61,62947.02546286489,71
62,63682.655460450886,28
51,34404.04027761059,13
20,50976.735599914064,81
54,94947.52719419812,15
60,59046.337295175465,36
57,51110.0194357959,92
43,68114.38392758471,15
40,56155.647993946855,75
61,66903.02299612883,56
56,43005.17335680158,95
32,58456.947027837894,4
66,47178.47469118563,99
21,23920.667186106453,98
46,69639.1557449537,52
39,35324.54316888889,91
42,56705.18139791796,10
30,78521.36491655822,94
35,30043.7308691914,45
50,72093.68193899204,84
33,54003.73086062675,29
62,40669.53198145873,53
59,100458.46577772137,29
61,59988.8740849033,23
19,48638.14220846518,57
52,44395.74155267196,50
59,77623.24936873393,21
51,47758.87547073177,43
47,75130.36197082051,10
30,59950.403377536786,76
30,82323.76128867696,30
35,39149.21105034232,51
49,41938.735218079906,33
49,54379.89371939863,18
52,56038.67004950448,78
56,52908.85942605979,22
63,112628.80810853036,64
69,101264.94008703815,21
46,65981.10149642086,1
66,68339.44148100915,15
46,55271.35639840838,36
61,39003.489329637385,47
33,56358.555188894956,54
61,75422.35502924108,86
64,86112.53523136018,32
27,79914.1684104541,58
47,29804.514136915768,46
42,54215.44643692573,54
56,30622.64870268015,33
37,83376.87114805437,39
22,,23
18,59057.79768737934,43
47,69601.00536010004,55
66,115322.79839623798,2
20,65365.498795790525,66
62,55234.57924387496,38
31,35179.1575759272,29
47,89172.7889700621,67
67,56367.2707140585,71
21,93142.84929855399,36
35,82112.26225897447,29
54,50740.877947830566,37
42,32154.476382881912,87
65,,45
18,47701.92942456796,16
63,60786.916849126115,31
32,80980.99213708675,34
26,26928.357687503325,50
32,65292.276881364276,65
66,75191.92381771473,82
41,76162.21123512126,62
21,32729.156576251542,43
29,68386.72939547927,56
54,84070.73163813385,15
54,66864.67596800151,48
60,57686.11587782927,49
23,82792.25881146887,81
56,46113.6237912234,44
63,29403.341835934596,10
41,55988.04370138137,20
28,70700.90383407997,70
30,80778.73522872868,8
51,70610.05148335865,45
42,76716.42137449715,34
24,80906.2286020792,96
69,,51
21,,4
25,85743.3558629975,39
37,,84
46,68582.6572304459,24
68,45665.823421659574,88
62,82005.2320646194,55
63,59641.290388497204,26
27,60151.87870756248,25
60,94577.59774793373,36
51,38479.144411027075,71
43,64316.38946437206,74
58,56397.47737804358,58
66,70648.22632086062,12
20,98586.61573377892,1
23,47895.16980149635,50
22,36052.0457529191,25
22,43813.451486359874,80
64,55343.63835558162,5
40,61284.616674066536,83
66,62290.57591573165,68
26,96053.21902350867,6
52,92496.78089309683,326
37,86058.9297813392,55
66,110288.77273234684,39
59,76481.96913325263,9
52,82167.1016702528,45
67,76095.41043787533,14
35,72818.10627587573,55
34,67887.93048365683,9
41,52062.85910169359,15
20,35064.43504324271,37
49,57386.92062075774,50
52,71315.47399344126,84
55,61445.2380194798,72
30,38693.28611761488,96
64,56682.33900033243,21
42,55639.943828337244,57
26,58752.907160624396,19
21,69818.30697853319,93
31,74125.16073820605,58
54,49998.97098050895,95
51,79622.42376025028,6
28,82632.76239336625,4
58,66406.03866097091,43
20,73295.00543906137,93
45,79684.62884923897,42
46,38047.107008410574,3
26,81094.62669963592,1
20,44198.78254804094,55
42,46145.967267432425,15
51,63925.78335629522,47
29,17119.197486506615,85
59,63512.4061645152,46
26,79635.61893911604,58
32,27081.523071079668,95
57,81780.18649092902,71
42,46024.2476294509,81
22,64137.23560985601,83
28,48928.509859890764,39
51,71458.36968258092,3
41,80498.95112327527,30
32,72940.20728764994,35
55,59920.377010126,57
25,50482.8932681315,29
22,58613.95941257774,50
65,73119.42929919284,62
43,73805.32798345838,52
35,71016.53164352245,14
23,34348.44916885911,35
54,59539.5508312918,28
65,47331.420716056964,58
30,73298.58039811655,30
45,44700.56493242807,90
22,69041.0751616845,7
30,54356.24478370941,39
34,22418.076334685175,95
67,78619.18571775994,69
57,,35
62,85519.54591531384,52
49,26693.81842644726,14
46,54169.573781650084,63
68,55671.911580802705,36
20,65404.12582476623,91
57,33496.25391686002,24
51,70880.75713547558,40
57,98233.24812562067,29
44,69490.74692931064,53
30,61857.44803647024,22
62,32450.85185949253,72
50,44515.0777288595,15
23,58883.10198354454,69
41,49404.47058314342,64
36,80525.1285254197,4
33,70674.06401937276,75
57,113847.5717529394,18
45,40382.83127151417,42
50,60662.29222783466,30
65,32330.152549314178,15
58,15551.18450819351,70
30,74454.41958906305,55
60,69932.30765934712,53
62,42908.1913070842,16
42,61860.59239186847,73
59,47414.648021489105,34
53,50115.85090313448,27
44,53594.307744674516,13
55,42068.69645191444,27
24,45667.00180360087,73
22,46231.29112111492,69
60,68457.57693506661,86
62,4515.596480303713,31
68,55447.41477030395,3
48,38246.36246924654,30
40,38968.94627549439,21
59,49486.9325183255,99
27,59713.20580053684,6
49,55711.76276586614,92
60,38718.789804035914,32
47,74433.93036891153,42
56,41947.92026279018,62
48,45305.87488147764,89
35,65689.83571789034,32
53,66407.37128585484,99
19,47766.00677734043,86
31,1276.7593980168676,88
30,42290.182268243036,39
46,63237.763724805125,64
29,73772.1610738006,30
56,58414.06684943107,63
19,50420.27905848769,96
49,105864.22011398648,31
30,52550.27756989291,87
63,72244.65373582211,40
44,33298.958091462075,33
66,38196.643015820664,63
58,72946.51222924449,25
34,80891.22551570743,36
57,,24
48,23027.28616738959,95
51,56648.85321197549,58
41,63788.11801559123,39
62,61976.36077857649,46
52,,77
65,56942.317614781234,10
23,45004.463114317885,87
36,37763.235525262804,82
47,75113.3704129361,32
24,61955.96626805421,97
27,56986.32882755341,36
58,49857.045144556774,28
49,56396.5288692984,16
51,63206.32857573993,16
45,94573.63151628613,18
32,73090.73699654288,8
47,,80
54,46884.72514588618,75
46,43766.37799350809,70
39,55989.589374940515,1
21,43750.97099518231,62
37,69496.47489979252,76
49,7129.674884038941,38
53,70703.36618549489,92
67,65507.54975610861,45
21,85254.8496629528,58
44,77535.79109107907,81
34,46326.04429491893,1
29,75285.96161877015,32
39,56638.650455713985,8
34,21313.864851114602,40
27,63176.63879457784,56
18,47514.9315885861,63
39,60004.43032794,209
43,93028.99660550487,74
35,64495.73805464317,74
67,39653.30297620008,36
31,79288.30011232407,89
64,67250.85140272877,57
46,37296.76341936183,74
29,27875.24465050688,83
53,40453.248815625586,45
52,76726.03601343444,79
69,53967.95732713908,80
29,61622.85037910822,2
24,33229.40658447663,93
46,77264.37958034847,68
28,19696.326712845257,50
50,46892.4496786463,29
23,68369.27718227588,95
64,37547.371099213095,81
32,72282.58558900886,10
49,42616.12042896796,27
68,,15
28,85729.64129288949,60
40,63078.6038619801,31
43,70380.72156099253,21
51,80364.19169105394,60
63,7614.021009981399,58
51,72695.65279940638,41
46,44779.496310113056,46
21,47414.544184521714,45
34,68748.82155331173,26
52,52739.18453181095,51
30,71890.4215091304,36
58,59183.14064967836,52
56,63364.180293681144,81
32,50195.568159694216,51
46,38701.33421683723,3
46,45193.6485850499,14
28,57943.51739040111,49
69,96744.76785549078,77
49,89438.12798227085,91
19,46934.080442812105,1
64,61205.153546649504,57
31,54245.54052107905,17
37,62605.33237738048,50
39,65178.25495085552,98
28,70550.30031511202,14
44,1977.2243636518251,59
20,67329.9733177388,81
34,,3
61,45901.24171536793,98
45,75885.1335632414,40
46,89336.48832809538,89
38,73780.06288082815,66
64,49628.96785577811,34
33,38479.88699722179,90
54,-124.88856219360605,95
37,63650.31993162711,9
23,71580.32215588873,94
36,57962.72979803939,84
22,78674.92417675984,21
20,33596.19528335016,93
18,56575.22087089903,25
55,,44
32,57797.82631487868,25
51,83358.63325907814,9
52,57903.155518024745,62
66,54104.150984549415,26
42,,57
41,86571.5894284292,37
29,31376.075548427456,16
35,48940.01134305175,37
32,93878.74134194986,76
61,69364.8659614307,24
33,,26
44,60433.84111052568,20
25,41072.44025284365,9
63,58629.455102849504,87
42,53002.68322008414,29
34,63592.57198910008,31
46,29875.172287473826,19
25,,20
32,80332.59349772618,87
44,55923.53749758853,27
63,72941.96786611615,94
67,66206.92549689155,85
69,47845.197196678884,44
24,38829.4862708577,35
20,41632.23022558683,71
46,65857.8513830943,22
61,58877.09736029591,74
41,85501.86043763396,87
20,75817.40224407788,15
37,75775.69966254603,94
63,65261.61603424445,98
32,40756.02101356671,13
42,66506.78591949983,4
47,61277.063300564456,82
31,37232.37222888504,56
24,84198.98517117424,23
34,82045.78749858303,97
61,37117.01711165879,98
37,47244.10189766943,34
53,49000.99561119047,99
26,72197.0308759923,17
55,69894.50360907993,28
65,60888.14425572713,14
39,65477.1456079825,34
19,34247.35607108933,75
41,67627.22562716906,57
25,57982.29248907859,77
28,46419.13634882821,97
30,29349.87452139362,55
34,60539.22312372704,66
25,67139.1979243562,98
38,25950.36396586825,93
35,60369.721413128595,37
47,62444.79503696991,68
35,48915.40913704679,76
63,67596.76404790349,26
64,57346.751674453604,61
48,65663.42010672728,92
55,70684.93865750112,67
49,70696.13812301047,84
28,80336.40986893003,74
62,66766.5037756916,52
42,50459.18518446358,18
50,47044.19910493606,53
55,38733.82494262755,63
58,63023.59286225812,53
25,86426.23429305047,27
28,52830.947880256994,31
39,68992.1649541992,91
68,44954.39990969679,1
41,63896.09830321269,6
58,85186.9425614888,11
34,73724.95946663886,34
29,28583.759337216863,84
63,71413.89632071089,63
49,72324.51557587105,53
32,63469.73946454177,85
33,73350.44225404682,85
39,43329.95920564924,18
45,61265.26309608172,21
37,82203.47881876203,19
50,80398.98966932735,4
27,70960.89948011942,77
57,42340.09552998234,82
49,39190.72458761443,29
67,62290.87348886709,25
50,63615.48477451681,56
19,57992.56455445487,77
50,43904.300436066944,63
50,68739.22150780787,27
58,62203.30697389083,60
30,65796.48633100947,454
47,71868.6751924822,49
50,54527.00424643975,65
30,50224.83245241127,38
69,82151.30646617246,83
43,44852.83026939664,52
39,50616.51601075985,1
56,84684.95630854946,40
19,49059.5149798068,81
55,58027.6471271888,21
56,51760.60261773944,86
43,24335.570374324052,15
63,57533.84695990406,50
67,39787.564728429046,48
32,65091.60865287122,32
51,82112.77020082224,49
59,15716.525336526902,68
61,51861.66031999439,45
66,69046.46465929961,32
57,16333.021631404445,4
28,86725.30720844463,65
20,67597.84073606967,97
23,81664.25643863803,71
26,48721.042737771415,73
23,51133.58459447618,65
26,56781.27290401861,80
56,102764.1809510308,18
48,86362.10720994133,54
49,,47
58,65088.03543301568,6
67,72698.07623169867,66
29,107831.09641982918,9
25,67654.39586114102,68
25,60919.1879223754,23
67,53228.032067700246,43
45,64698.30495038882,51
37,48259.56363297581,72
64,69921.84676153745,25
24,31348.06740416918,80
28,54789.98821187335,35
37,,17
33,67382.47308674708,18
21,50747.507598966964,27
23,55359.50979166723,15
39,80706.69373384422,81
43,35791.96607953157,69
20,35908.1270417734,80
58,41407.32095645006,15
59,59786.44271466713,42
31,32865.23865487616,34
28,79060.03185531963,48
35,41514.15082288269,83
29,64487.111154862585,8
40,48418.53798161194,10
29,58690.058383205476,5
30,27933.081806825132,48
42,80026.32490419912,26
62,40770.04003257198,86
68,38675.66557912595,23
36,107580.18026804185,62
63,71086.14621915216,13
53,79248.3281656615,9
62,69177.82792723797,20
25,50950.38880027197,92
46,33863.00285089979,57
49,54023.59225148683,24
68,40436.81310948875,33
61,41637.69655130962,20
35,28336.253420606066,60
23,62289.519195909925,48
35,91468.24295051693,64
36,71162.73446052898,30
39,57884.19224296575,73
54,59188.562543796965,17
49,-955.5462478719346,14
58,51523.29156201247,19
20,31466.48209559322,71
45,62688.25055804553,59
27,54800.480226635314,67
68,42613.90917584919,97
52,62237.93408977198,44
46,62065.58306013886,32
32,90372.48078912855,11
50,73728.35000893459,239
24,64339.45580073746,90
29,41049.71052697215,68
66,38531.217617850234,17
47,,81
38,55998.6125511914,92
48,64987.31182253215,94
41,79560.0104834312,40
37,29737.224497163803,477
54,87940.70770057988,46
21,79387.63573897992,88
45,18911.195560247106,93
61,107061.84897821954,4
37,66427.52638162913,38
41,50429.233991540925,63
67,70381.24447209851,29
66,40450.507261225284,19
68,70922.56706387103,91
49,44130.07083329377,29
58,100407.19070941201,35
53,61202.00387812802,70
51,72996.46104145648,23
53,44278.69800695722,46
19,76329.92047786716,44
32,59748.39872995776,48
51,31762.965833561102,52
53,55224.74560223504,8
23,98622.22137725075,55
56,77179.54052086615,66
59,52420.49862187013,77
68,22616.684779981304,40
68,43350.17643538737,85
29,31870.519919310773,31
20,23099.839871330034,48
62,75711.82260330605,61
35,61247.74792760331,52
57,95902.16896687882,38
38,,91
32,59954.3813048174,36
50,32116.512965061713,87
52,48102.53277667515,55
43,55557.800761348284,85
25,52506.920643767044,13
53,61070.81261231002,37
65,79432.19126502774,47
47,77328.35170909108,90
40,44613.308318174015,71
59,59392.917562727016,22
61,75881.92749918888,39
31,80714.73014859011,87
31,46776.86630691695,58
19,74163.2890960048,30
54,66622.93018375403,18
22,38680.21772922142,18
55,76003.15925171471,74
62,63030.86416864938,39
58,25172.187873469476,94
64,54122.928785772616,26
31,60797.15083169945,71
56,47883.51042364813,7
42,84564.5685099705,69
37,85289.36981356211,65
19,52350.1968217431,46
56,50155.48957292516,257
23,57375.30653261358,13
34,55998.38868386638,25
42,48149.962123961544,8
45,-14175.932186465827,74
19,95096.23751199228,32
52,60008.35927556285,17
54,56433.79776141847,79
22,66503.38260103902,79
18,58398.8450293182,48
57,51393.68310709101,63
29,39887.08027216101,40
53,23227.74447008608,84
62,32912.42140091213,15
40,37666.51866579706,99
64,73018.44316081938,6
48,74492.46293528788,94
28,42364.01791066458,63
27,6726.917191252105,8
20,60182.41439003753,95
31,51569.15568681363,32
33,51074.750265997376,45
27,79118.74951528729,52
46,62773.05250945705,79
27,,82
29,35871.739320819004,13
47,54747.77286030087,24
58,41871.74475620716,40
18,58552.04751944765,14
22,80522.84088803933,92
37,32404.351768010998,75
25,61755.58869617937,70
60,78300.9996533878,62
29,58276.25328363782,89
18,74431.61790235306,61
37,54254.550157690755,1
45,63416.56158847274,89
60,68815.69864684354,66
54,48559.95123473731,32
64,99813.52034379999,13
54,71551.60360663844,33
29,86059.70997433842,32
54,81420.47892721536,56
66,66545.78538566822,24
66,87715.78844719616,91
61,63758.29422383835,4
45,45404.49433651274,88
64,60296.384631259265,23
32,39876.66175169738,29
23,17965.913437803953,98
61,42949.15513881949,21
37,61457.6306594175,30
67,81238.49570976163,90
31,42889.615908472915,20
19,80203.2490705431,16
26,35786.34028386246,67
54,41609.550677210995,49
37,88983.13206792904,58
43,60952.42039924991,44
46,56527.56109430713,25
18,64705.59979815654,23
52,35871.93498563908,59
23,53383.03742852355,1
54,60053.22316253103,97
22,84627.61872358865,15
50,26591.65721397198,81
66,95259.80630751542,98
68,57507.045233499135,81
31,37788.87502065982,52
29,34167.30567731218,58
59,65462.98634008413,41
37,33055.81039862949,44
67,48797.529098138024,4
41,55001.938782444035,77
60,82873.51478809651,68
51,80369.06918527947,7
42,47140.15219762082,46
67,55746.33659558156,9
46,28092.301996485086,87
56,19218.0897351256,33
48,35418.9510481476,357
64,82461.9472265162,84
60,75601.6144444292,4
67,67668.72525193228,65
40,30847.51026758846,379
61,45766.808452177094,91
55,42843.579436427564,85
37,56680.03258758875,88
40,55418.92886735768,79
62,39960.86286608343,99
69,66984.33615797087,64
33,64578.927604084776,25
67,45423.53801814107,55
59,66085.56783265063,9
25,82485.70736661041,17
67,88561.21554246492,21
38,69813.24313219718,60
18,69225.35886818712,13
25,55197.22171951377,3
46,80594.25791070318,68
49,38592.970973204254,4
55,78277.0028681633,92
22,54247.90531638394,7
64,89818.73654403459,26
39,71764.12814080149,75
64,58642.67537853799,24
51,55270.24702191453,10
18,70512.25708896873,13
43,69542.4869537211,44
60,52033.13990998945,39
27,61836.71516536693,19
47,77927.80174697204,51
67,32732.874842395002,19
35,74517.56441107426,76
34,70424.29156718707,52
43,83732.94951122982,86
25,45686.92597393524,47
64,60114.32172185782,30
57,64101.36752009791,46
66,74775.93034400471,76
29,68582.33858322,93
44,35208.898023754504,21
25,65820.88065723292,75
42,100084.57548540816,48
63,72235.1515192263,62
21,92760.938890732,58
50,80861.22754589625,18
18,87248.03870876819,59
36,66199.3732196941,91
48,70436.90219224234,48
33,65110.3551328275,63
31,60086.81730099046,12
65,74843.89960138209,87
22,49579.96121985598,34
58,,61
43,41439.740646234524,87
45,76227.76239834317,53
19,87573.42834607177,25
67,56467.564920791934,62
23,37740.453777236726,4
26,83110.59178564709,94
50,64067.9062010051,94
58,76266.32145203487,13
42,57810.90802325365,42
65,94638.49364644794,49
30,17659.838955873034,78
26,67523.5510256747,56
30,86834.98967503196,47
48,62106.78089658792,8
58,66047.17386033823,55
28,51319.76374865983,88
21,60413.77015733235,18
51,26562.867737273897,35
55,45631.37334760617,89
63,44264.897457955434,81
21,73382.47982058596,32
55,48572.60481424531,24
36,49150.4890012036,7
23,52441.53279429721,13
51,45027.10594969365,91
35,65380.44538523395,69
30,67552.62938865818,90
58,76500.37159443519,42
40,73055.00164575885,31
36,71055.15489969401,74
62,53420.63332005113,26
28,52137.92499324242,86
18,42575.77995303087,76
41,42215.12622211798,32
24,63885.22819358521,91
42,45611.67918439838,97
38,89366.48266711918,52
32,59249.98353851014,20
18,90027.80214319081,496
29,71435.34109142335,59
24,44455.27131056577,77
32,58759.07622836364,14
38,26530.95317764568,44
36,63808.5071013057,86
46,46284.63184309365,82
42,37730.83983569477,48
50,90442.93517096095,93
66,80611.75481968575,43
49,80060.77957524925,16
66,75642.22553301888,35
52,35302.21911748435,53
61,51990.41014386325,34
55,53209.927170602256,3
43,25805.258518021372,68
28,48859.978103120215,5
52,49078.04048765913,10
25,62519.97894989924,52
63,110647.75200476687,29
31,59582.07446790522,96
27,62530.289091393344,31
19,54995.79454471716,66
63,74754.25760107489,76
26,38521.655827084454,91
20,97920.74990307877,69
38,,37
43,52096.20333937871,27
25,79400.741473276,87
65,42181.548159102924,33
19,74385.01966110666,68
23,88103.40111190721,59
45,55173.14455193982,64
46,101056.83226159742,85
43,72885.83052522509,88
42,73133.88519328859,44
29,87317.30670371979,95
22,92614.69909272747,88
51,65236.7797281276,49
65,75938.10882753876,53
54,87926.82986321856,74
32,36763.77847277126,49
61,25409.95200734705,66
53,58848.9215918819,95
32,24930.172851612406,63
60,53720.098073840956,25
65,66287.47068398274,4
40,54487.224678897466,51
23,57168.13903792619,11
63,39966.669727581495,17
67,75762.87087941889,66
61,38730.732657553206,70
60,17941.96537889933,73
62,55853.2245493356,69
38,78300.39849839912,84
40,61596.61583765953,29
60,36704.0596983953,85
33,62039.01934812672,73
64,68766.074095367,92
32,61806.33383037853,72
42,54708.31506222828,95
53,69720.77363285497,20
28,25231.461943597096,27
68,42120.89218474839,8
32,33895.8380438938,85
21,86967.72743976313,61
38,74240.63441976775,28
30,63702.50068628035,87
39,30987.566932943835,70
36,74882.95577896238,3
51,87730.80269983632,69
31,71429.89472927124,73
21,59296.45166992886,7
65,72634.3606370123,60
69,65458.32228505378,4
63,78521.52467279477,5
44,78073.71283585907,11
46,55578.68926779347,15
64,46787.172342317805,64
45,52003.541186276445,98
52,70717.00670009869,13
25,53211.206964043835,7
33,44989.407636923526,6
59,59980.93257493587,56
53,82149.13861337904,64
47,62702.16134268127,50
35,54475.640079991455,30
19,66408.6358589353,22
66,61680.784180997354,25
30,21327.25917980644,28
21,73935.18286038318,84
43,68149.16879894218,39
42,60323.43597891492,67
47,81247.13401445841,5
28,84259.98728500395,65
24,75975.37322947102,15
48,42993.98367928932,90
61,43685.7777874608,67
27,82346.71080003967,40
56,22455.521461096003,98
30,57023.04969675773,69
48,68796.51614062165,95
24,24991.84529104991,77
66,64686.86477700598,43
59,79088.58153171904,1
59,30288.478597930487,22
53,93163.40413388316,62
37,39803.3984780218,79
21,71494.72492954059,26
24,58328.07143282734,18
18,61390.31247400903,48
61,34330.097286516866,9
62,85209.45924706118,1
59,66517.66926700468,9
64,92416.80353806312,23
30,34851.65558841947,45
39,,2
38,64190.584794044145,14
39,61207.6629458985,38
45,73335.70689344841,40
26,56121.62916152248,63
43,102440.52092601372,82
26,60796.84644376359,16
32,2316.9112847533106,93
27,61684.02016678744,75
41,85229.27969732365,6
59,41533.877962989325,3
25,40264.896216575275,14
41,43192.20587320819,66
33,38470.46380045742,96
66,50411.965725880116,95
43,,75
44,90526.65456825387,86
54,11514.993521255994,67
21,52430.90692845085,31
67,66053.95988753466,33
41,64053.56726770382,88
36,97998.79333245778,1
53,19786.121808358657,44
56,8218.721306230014,15
27,101244.25048076513,37
42,75068.67386494673,27
35,48572.5682609418,48
36,63431.9754613591,27
53,64864.352451221326,12
27,48089.58419328041,67
50,62835.56741382868,30
67,67096.2674932024,96
22,100310.60522725651,87
64,79269.02444571082,66
66,94786.4628048415,7
52,33128.57032654212,34
61,53056.054807642846,32
51,64844.93967863251,39
50,21577.98493734074,96
38,83637.1867621856,43
34,72844.19544622525,43
39,52656.82960092272,78
65,56333.3131299843,3
54,85077.33777647496,46
32,44091.241047260686,32
52,85883.70699324575,43
45,54959.22526827424,81
24,75119.92105553833,3
49,61735.28411157974,74
28,,63
27,42252.152197849486,40
26,48534.34754846132,18
31,29877.49044622338,67
30,38064.85665941358,62
42,74262.56215389032,10
19,92003.27277730123,52
52,76529.61740720553,73
24,59892.17000546267,46
38,42127.70996687893,55
35,77968.37343254301,46
20,41027.96189628325,75
59,33020.965313884815,60
56,53830.61333580191,97
58,19321.187662230077,26
66,32372.302508955025,27
28,97719.8067176564,38
56,28663.831510831955,411
41,36237.03237908377,26
63,61436.658154133285,86
36,62478.0776006003,69
21,55307.51405242292,35
43,19932.525022177695,66
55,76969.7865527558,99
59,51138.93200484007,73
49,84408.99044349803,51
56,47103.647569423054,18
62,79649.88678281153,43
63,85921.66898158871,12
53,50661.154484923594,3
57,77609.00388211294,82
54,33429.10643767206,7
50,65273.789741389875,97
53,84444.5541670968,6
20,70369.85691928248,82
26,108124.47845706479,45
25,71487.15984582312,86
50,52694.57494784998,39
23,116817.72786002996,51
58,,9
56,27941.848764032064,99
21,44316.72790143371,23
30,39236.83785917353,12
66,72912.59209018112,88
19,71423.16073633578,62
22,71269.03864790998,73
61,27401.810810020987,77
44,47238.16906789901,40
49,57014.29490552712,54
38,23561.58901358556,81
25,42563.44466884219,7
55,87128.67420331464,17
25,28918.480040608232,50
67,89105.20987436961,24
20,81822.98185071004,2
61,54185.25560391038,99
20,47022.54001264631,92
39,76636.552442906,83
23,44245.19678208738,33
19,45240.04100107752,21
40,59522.63191990543,74
61,17395.328084261637,53
19,31000.488031965877,46
55,53686.77501997034,45
34,69513.92064425198,9
52,43968.52123842643,6
51,56047.79043956635,51
40,27730.81183724736,35
47,78649.67704540641,82
69,64401.64659121963,53
25,66170.91805278434,19
39,69765.0123596979,69
61,61562.55006989571,25
53,50324.54482852002,11
22,82593.09097440616,74
30,63137.62295521546,17
46,56685.61142653151,36
48,59826.90692158992,90
64,59400.698670225196,95
33,,96
59,68922.12725015816,21
47,41282.79555755263,18
33,42744.17928519384,60
29,71185.27378857271,18
34,57095.213185444074,1
33,79427.86204286192,14
29,68177.58001263728,8
25,48947.44179847536,66
37,71501.92726257349,51
20,83943.81915917872,79
33,68939.59112242507,60
47,73311.69886133593,34
62,56564.582987931935,36
40,79860.79765761006,62
45,48386.19170140712,1
68,66770.86051481034,85
57,111390.12304871865,42
22,70777.6211205132,1
37,51585.77538816263,96
57,51534.15516617201,84
61,58573.16605419311,54
18,77024.91563458822,47
47,62915.550183347645,39
38,47029.44373523207,30
37,46994.0601442262,7
23,63040.986620459604,22
39,60847.89973477582,50
35,69099.52338238042,45
25,78349.79791569788,74
56,114547.19404818998,72
49,30759.32966464799,91
50,73737.24254572882,10
33,61966.1541677658,14
29,23108.47537778823,46
55,84990.61447303454,75
69,68423.46453163895,6
51,75996.12585640313,21
31,26011.621098046344,62
53,55591.66145003583,97
50,38416.06110211408,19
40,103262.01885361224,88
67,,82
62,46380.64433429076,99
19,29267.221981007955,62
58,63881.1013276751,83
38,81848.4400458872,53
19,25298.92789128141,24
44,41364.50658013661,56
26,37888.30581972082,62
18,77338.92331821175,34
28,52603.41822910975,22
20,53441.26955244989,68
69,63493.093612779354,57
40,42434.38375341972,10
43,31126.265265448706,66
21,87393.7032472057,8
35,89249.71416959188,97
23,63591.649189263575,38
52,65043.1101133524,62
39,85220.27953160016,28
60,63133.0711320748,10
32,51618.44188112709,45
39,60786.78253554926,65
54,87863.37274334945,98
69,61066.433368576116,67
59,46612.34930692895,9
29,62940.04098570195,5
64,73124.46275071528,10
66,70725.06989811397,12
59,71056.47896143219,82
55,43466.4464173314,58
35,75402.07133116914,21
62,60569.318784245785,21
52,45764.1766506109,65
47,75243.03427304067,3
41,50927.22302166472,69
59,28514.05302888894,89
47,39987.95237779356,64
31,56367.26133905834,49
23,71566.04564222558,72
20,42718.60095823818,17
33,55186.7507912493,73
24,35667.85536673884,32
69,79640.65832479623,70
31,94346.62227911103,21
26,92185.65048976641,7
32,79299.59100972276,7
38,77250.19914240524,27
52,18562.409511935948,8
19,63543.464644402105,73
44,50078.14752680184,28
19,77609.32722089802,79
52,9248.04248637343,66
35,63859.354055403564,264
31,55711.12432335195,47
37,82368.59865862809,82
35,90959.74107349478,86
27,41423.07965974463,10
42,42325.7912820637,33
19,64609.93242423427,7
42,94675.25383043083,3
50,61202.89354566032,14
53,34416.77169291339,44
48,47882.63107673414,46
31,64053.28328926923,61
18,64804.04857127913,36
63,45918.24728815253,13
33,47484.18612440756,16
63,40368.64010887203,80
69,82823.42367707592,5
20,43304.49641413221,89
52,50704.11592163432,38
58,50134.94166952095,50
23,27880.855049692174,38
42,42731.69390364368,56
30,84562.75198573076,63
51,35814.243164185435,48
25,40727.15396347265,90
38,33349.084524414815,59
51,58187.76879537478,77
21,97709.53442532581,44
42,57346.11556945857,90
32,61335.242507087794,55
21,44091.05528266023,55
62,58767.63910415455,1
29,84581.00612695231,8
49,62858.18775276347,4
49,102635.40164124328,85
45,85189.59424611382,86
30,58273.67309110134,53
48,57884.242488157695,58
31,92618.46275247262,37
37,62746.511517104576,49
35,88178.43120543446,67
46,100058.14680253333,19
23,55915.612643517816,1
49,67039.10731870032,29
46,79600.08369132759,87
60,75350.0007804504,33
19,75209.81465841003,52
40,33330.5234564453,41
36,43031.665436764015,23
48,50094.65958117625,5
68,84288.41606937352,71
22,35292.50185746228,57
36,90464.53414357678,6
51,75596.68228157365,49
27,83084.60449445547,22
42,41409.33845510002,443
19,61446.04725380261,76
28,65978.85572262632,4
67,65099.34004045387,72
48,65913.14801693436,64
32,54469.47039209777,37
26,62704.141621273186,31
40,80671.27910130373,37
36,36669.7538311822,45
26,90941.00237810807,90
52,79637.97912736895,8
38,40695.96214633333,40
26,67676.72086910643,97
45,78029.97552316089,93
63,35294.13352228633,5
68,60839.56866753202,28
24,58429.693983299876,81
33,47088.38914986211,87
33,61847.13673528026,9
50,47994.2684807442,2
21,87486.14137941474,63
21,47467.113573451796,96
56,75839.57880026316,51
57,26892.27224759671,31
34,56763.80392300078,7
54,60246.22314702718,30
56,56114.17898768939,58
69,52073.63405609218,3
46,46649.69949309755,51
69,75090.81560029805,56
53,79989.1571019076,73
55,58356.782282866996,10
56,38067.2498395672,61
67,95878.98662773657,50
54,42404.05134184239,47
69,30811.554830337052,90
52,19747.561669604598,1
24,61989.03793825321,94
44,55651.67228969527,57
45,80619.13298292679,38
39,72221.69126891094,62
31,65804.02449170075,79
24,54572.65609074501,89
54,82199.54544395334,70
39,97347.79803505066,82
22,80179.58398259808,65
19,50729.3673830158,62
44,75631.3110776435,56
38,51958.2054906557,67
55,37898.65368280051,17
32,,8
38,52836.431917245085,60
27,,40
40,101211.62305150917,81
56,42366.21048776265,89
22,86469.76979382656,62
18,53654.808966148616,41
30,,12
38,49885.47994139324,93
43,83533.93986335382,89
67,66893.39038658471,54
62,68089.02397327914,89
38,86570.0801768876,93
35,39273.27422128545,11
54,38964.99139815499,60
62,14725.427814071518,68
49,77541.6414248557,78
53,71249.68467259206,46
34,74479.33039182228,38
52,36339.77551886439,61
66,27915.020881602944,17
28,33607.63383133335,66
38,41548.55455282591,72
69,91079.17817825709,36
43,80002.53447565003,74
21,50835.5871875936,7
51,65985.0398651997,16
69,46432.75507704522,14
65,67285.59521563313,80
35,,25
57,75005.02891947862,4
52,43005.93404831214,29
58,76118.30057086314,56
46,51451.54183611316,6
69,44198.48092803452,1
46,92259.93434499312,39
55,63538.92369787531,1
59,,63
38,75163.56616702529,57
59,33200.1786085023,67
30,82137.27178520718,65
66,57211.10587183101,65
58,72015.75431336874,21
34,29042.530779538276,30
26,52351.48083734009,96
58,60091.60278690968,33
18,,48
19,73608.22127874965,22
65,52150.45924765166,94
46,66358.95514646763,54
50,85131.38203453964,4
27,56000.230331548795,87
67,53822.70079129385,55
57,22205.907144941753,44
38,54418.5532931438,89
45,25207.45922630957,12
28,57713.30641933586,81
51,79762.70286485495,79
25,17607.210499063687,74
39,84684.1764924158,99
25,53395.53746687603,52
66,59456.70265746788,93
32,49951.604397229166,76
34,,65
40,44340.21651407519,65
41,101948.20136898968,10
62,38079.090074930966,446
36,,47
22,62825.82054814206,66
49,58284.46969655367,49
61,53533.40418408704,72
18,60288.95886704512,22
40,72884.05221392313,86
54,48256.72800429372,26
25,63888.204165652336,90
30,80477.49324260007,9
25,40094.2266649041,21
40,13556.373121227414,95
60,73416.16984191832,63
18,110059.25151205946,6
62,59852.90692702369,14
68,64038.64402131912,33
41,54083.83133812019,71
52,91761.21683020517,24
41,58444.86134110267,73
34,56268.716799701295,75
22,78217.27628538405,87
37,50314.540756063565,51
38,34306.125978482916,2
57,77646.00759091388,15
48,48169.05584655709,35
63,40490.79944647974,36
53,102000.96317146374,92
28,56428.06393554576,39
69,69884.52164594666,4
32,60590.56482015553,64
36,42273.610192593434,74
24,73788.67240043845,6
68,66291.5796757345,57
45,46812.403367201354,30
68,68663.80675712677,229
60,49713.79811739996,74
22,37910.0927978294,96
22,35886.654912957536,67
47,65401.17241925957,90
49,52345.381401431114,15
25,90034.08038087923,17
27,59140.83773324086,91
55,44295.93413092836,18
64,63156.35277287824,19
49,34114.65356850787,76
65,58317.37518950595,88
45,66383.3355295655,69
34,,24
48,86055.99861039517,91
25,111950.34251688901,48
57,73427.9474268257,30
42,83575.9265557104,15
26,110869.2531931448,47
19,39875.48304367048,44
32,62612.54817550017,98
67,50440.06935826683,27
20,76853.15420522145,84
66,,64
53,43631.35360192132,41
21,60218.95632694089,96
31,80938.45479311771,68
58,33925.507379498675,5
58,44053.10888722042,53
42,41054.498299163824,8
67,66527.9311097382,22
27,84810.32159229921,7
38,19805.310693879772,22
53,61887.971269571666,46
29,41515.58565449632,30
44,80108.05549659969,16
57,55260.63448857492,79
19,62613.47878154795,5
30,59973.2600959588,67
49,82484.3760637969,23
48,100972.63061595566,61
33,37306.69340237118,74
49,40948.87764010696,5
49,66429.95805109415,23
51,43671.953033961625,79
28,78671.67540800548,82
27,81882.34918168675,25
32,49068.47375507084,8
34,44729.2546671705,95
57,54504.41956694562,21
35,62080.36427926037,2
26,66296.74379790384,22
42,14943.6588190166,479
57,40650.88962299763,87
31,51918.01302258832,96
42,44060.213365062256,72
67,2705.802152940938,68
39,22232.55069290613,64
69,33892.829488312665,94
47,57694.31598293562,19
37,51275.95613037381,87
38,47368.61834942851,82
61,75930.29921585681,53
49,75922.67329847523,93
68,62998.37306963748,87
63,62402.40565437317,97
66,42866.788981331774,52
38,45260.15338686944,47
52,25847.01233749564,82
49,54984.97136443338,54
47,75714.82579422393,44
56,87086.5979354912,97
66,55104.40284189073,7
29,69833.3766401938,92
58,2880.215142776069,1
64,51341.43359203152,63
35,50872.75239733473,98
38,89823.36628450766,39
30,67858.66921842836,19
38,69885.10845761215,31
25,68846.56621997985,362
63,,24
57,90647.30661698259,69
63,13894.409040698542,87
24,62924.20817430836,83
40,82596.05703279127,65
61,22172.130936147034,33
49,76758.35707544605,59
28,44776.73517469367,33
39,62196.31857684082,32
39,44392.81238109146,59
60,79183.03353098044,92
42,54232.76237552868,41
39,76915.93712714424,12
45,68706.59672528683,73
46,44124.15031882323,11
30,70037.18380791051,97
35,46728.61883974535,19
19,61282.561876799475,54
46,53868.112770204,57
38,77998.23732777547,42
32,70806.44541474836,98
69,59385.569027905156,71
44,46285.76445688678,31
67,34620.170203385635,52
48,62713.12838581396,2
32,47354.182136964824,83
68,22440.076848523495,38
40,33399.42918007499,32
41,92517.50611083434,10
61,46800.47230021109,8
30,81643.25555020804,90
39,52867.005456034385,94
60,84791.55270321626,75
54,83343.28034948756,20
50,43486.091461986856,20
20,20240.4866638479,9
36,21933.590459393592,72
40,43826.76992088586,15
46,97792.68851115083,98
47,51788.758501549215,88
56,62904.87900146909,97
61,86066.7373240678,63
64,62206.42726223376,91
42,61517.8207704155,21
54,72453.26387890293,5
64,65779.39511019974,35
25,58010.6578999303,85
59,45571.01313605116,363
33,61569.77781730912,48
25,81887.99594166281,80
18,95640.09173997442,95
61,65845.53283137821,90
22,75103.22270191945,62
20,65394.614143256236,35
18,58253.412711927944,70
21,70285.14157225369,97
57,83786.65668624968,21
52,42272.763279617095,80
49,30972.06595374182,39
59,49339.83500727068,34
51,64233.23886599408,15
60,77397.43235242463,6
42,40209.84350289024,66
27,10228.46954750378,88
38,49811.026866579676,56
63,56121.71548683528,49
56,36754.53033177124,92
44,44878.18142365376,1
44,77345.66820173996,65
19,61562.40139192198,28
58,66912.44237218636,20
65,52886.35536778905,48
30,44917.79178083348,72
26,52742.03541151712,65
69,69977.60388359384,90
53,30173.595773175664,51
39,93003.40519664023,43
59,71497.16991364806,49
43,49282.3979141857,25
29,76268.14235773002,74
34,84446.98134146216,76
31,53393.23900795123,41
31,55668.304204698776,71
51,89869.4842694601,64
37,102379.50293836197,61
28,60588.71315136215,12
33,36835.71305822051,81
68,50587.956901508835,69
48,80660.31488938403,14
23,,34
36,55834.33600481962,48
54,65851.6976286326,61
21,41545.70627184665,81
64,81928.69123752153,35
21,73879.3503040875,65
37,100190.91819050585,59
27,75629.21791715545,36
41,40782.20728867923,79
52,70607.38121818383,19
43,79760.43347031713,42
54,80789.57628250693,69
55,44463.157042185274,19
38,42073.2459528905,39
57,37207.25761781977,69
56,92094.63988277732,52
38,72457.57647684077,12
27,43575.627515825785,83
55,62543.77877514241,47
63,57526.25373197952,76
21,40548.37062068634,36
62,60723.678879132065,63
37,63813.905754408785,76
34,98625.06189303799,82
24,46886.24948467454,51
21,25812.013516093233,43
46,39020.925292880456,34
31,42147.05153135555,97
20,51461.456479342094,49
41,39069.925417457154,18
54,76442.4401163788,61
33,37679.3447398104,57
69,60400.35936598461,93
21,100003.84367044349,5
41,71071.36543527248,89
51,69015.14023424718,24
47,97146.3240149032,93
35,84912.99128473946,64
36,,59
48,53785.46300111062,38
36,59546.22250420413,33
66,58573.92264667587,10
63,51971.48904855783,37
36,64240.730237658485,97
39,67014.95394095313,87
41,35107.43065683548,11
62,92640.84999924597,24
29,68195.95026146562,88
47,54744.340760987645,71
55,64423.51957458915,21
48,78607.377823172,20
53,30666.27174828215,10
36,57898.78547039508,89
65,36282.88450275334,47
62,113140.0764195124,47
53,62763.72095537229,15
47,36445.08704800987,44
66,131989.33561394786,62
50,49279.62842439222,6
35,55818.40163847585,66
69,57264.03520029275,412
66,43040.93886861929,4
45,64947.040349922856,23
64,15785.196672799488,13
28,81717.96765754583,81
62,37443.90258525559,31
50,51693.569553793764,16
34,75030.39347372325,41
23,55910.77963387769,90
21,56729.04505804747,92
37,39758.451145404586,1
65,101912.96434940901,12
64,70629.6476441318,56
44,38344.30103461667,50
32,63563.64892115702,20
23,36930.6401069738,66
64,94448.28587978898,36
31,63992.75921417092,79
28,40489.069441858665,38
56,73951.81471247833,22
26,54438.48655903373,348
43,34235.42688955038,50
33,67620.9266780042,96
22,67056.83668275787,59
69,82754.67265134797,20
27,61290.071138355954,36
67,62141.20573917102,97
20,63202.66073090368,15
30,91905.65989014058,62
60,53798.52953451859,3
66,69389.09937611462,93
47,72334.90904031224,91
62,66995.5303846152,5
23,53041.90787880859,56
34,62412.08014615007,31
62,58126.84477134298,86
68,,35
36,50844.72429137388,71
59,41748.42947495544,70
52,59875.966171338485,26
63,58466.03605142655,1
43,63936.870403372595,83
68,50851.06795597337,7
22,62207.46959865753,36
46,62592.140779424226,76
54,78119.79378720009,84
37,61860.12767418304,87
66,62049.500612631775,25
38,70326.92759417034,94
27,77353.10126363035,59
22,40326.48424746843,61
53,34953.588802663566,29
23,93909.59258767622,95
43,74081.50875856316,18
21,55612.26727341194,41
56,60394.03873266262,19
56,52148.766133403464,4
67,64225.614488831045,65
52,40563.256211906235,41
18,76803.33970179853,15
41,63509.06797257003,54
53,64232.54192066703,64
23,42121.15234642956,72
58,70485.34193545271,15
63,,79
61,46156.982801824284,50
48,61752.438468835026,22
37,110146.63799231304,18
41,63429.32266709619,80
42,8623.982406648618,453
53,47149.97233278499,36
38,73674.58224441147,20
47,37430.78110031752,16
41,76622.0488229132,67
61,63176.41149530059,30
59,79826.54385181551,55
47,48822.91781498006,66
39,47264.32170134568,99
45,71299.70316569023,26
24,59849.43250055681,57
52,58639.54376427452,69
45,91379.39737898126,2
31,72082.8185412357,56
27,20201.54066608545,84
33,75981.36245032775,62
33,73979.37600830244,34
48,83698.22574446864,98
59,41206.031608529825,56
42,66496.11650420245,55
30,62232.60042486363,20
23,40847.363050404936,50
61,78935.33135813162,25
26,55169.08001381235,84
62,83054.64782504669,25
53,45142.82429865048,53
60,30788.290584012095,14
37,55148.67635937711,60
35,64638.26365124895,43
60,49316.08145562177,62
38,-1289.1373751645515,76
21,67672.9828983754,69
67,67579.61381044051,395
50,73743.34557081932,2
44,52390.15128898445,54
24,51298.965352361854,16
23,88806.43545602982,55
32,28491.906283565677,452
35,55057.644126647196,43
49,62846.036922636114,61
28,72120.43660028483,38
37,63395.343648086375,45
41,41560.14723076882,51
32,83352.27896041708,42
65,60038.14824553815,24
24,26639.945870172713,30
38,64183.53301546788,37
59,69505.53742442928,53
43,99214.87906796229,63
61,68175.02697740584,11
31,30359.48855969756,78
54,31061.97418383287,23
38,85174.18916396535,80
35,43943.939733017214,50
22,29008.378717096806,85
20,80010.21735516866,55
40,50485.28375570659,55
43,78940.27928319215,4
54,41705.60989341177,97
41,89476.2466733176,54
66,77441.27413866553,61
36,45546.29266797306,78
68,26792.190662107183,83
42,106103.27717508283,5
38,55795.84596013707,95
29,44745.36705848566,18
58,87726.16537658998,44
50,78915.1970682488,31
67,83655.9308662516,94
21,58029.83444964538,21
59,97621.09380647249,47
24,33787.636388972765,30
39,48959.00956884958,55
50,67797.57511429767,68
34,83362.22688474227,69
41,73223.1804104966,41
51,58342.68528306418,45
45,50497.04265521041,74
60,83470.2171671871,91
58,75287.92026554061,80
56,42509.524146178715,30
39,41914.61203873946,77
66,49090.23691120969,85
34,46524.76268761251,45
51,80596.81825092935,45
23,68714.64644436035,302
63,71155.74480806197,84
23,63833.39273593552,84
51,64775.41430674709,45
18,28363.651693193773,55
27,75883.67315369537,59
38,48730.37038817114,5
22,59336.89333900014,32
19,50536.54155729332,6
39,62917.43130303351,94
65,71461.87854487992,26
19,39822.89934953342,37
27,65054.98448488005,13
51,,93
33,86429.17551752007,69
65,37707.491940407446,25
68,39949.674608718924,13
56,52808.595639263796,88
39,41487.12569972323,95
29,55512.37974026176,20
41,49442.28987768573,72
64,61768.24755403625,60
57,80161.44055648308,73
55,61425.59211368549,21
27,63247.09121632955,61
52,38853.54794375801,84
68,57318.808923697405,79
66,51564.910567812054,26
49,73632.8192728097,54
24,44708.66033594605,42
38,42786.88814977533,11
37,66348.58394294698,37
43,99602.06108745877,11
21,56481.02752050674,27
63,63364.168124609976,94
69,78960.43696709571,83
39,70198.07797230544,34
32,70329.58960764394,38
57,58096.1509616399,61
38,58485.296344434784,87
32,44897.02924546943,53
39,69727.46508602766,65
69,69271.08859997285,3
45,74343.29055387605,67
31,50237.91058893309,28
44,76602.6879875721,14
58,82666.69576295873,52
57,35720.837634474796,30
45,54062.54841285187,58
43,83500.47163921676,54
66,47008.886002942294,69
19,70575.2505436668,15
42,60171.52004004863,38
20,66617.58642847017,78
25,60781.12605384423,14
61,74923.41969128544,57
50,39569.65728272244,59
59,41733.53511755427,8
69,89290.27100533713,72
52,102007.26559970636,19
23,59891.61122747275,32
56,94305.32084303419,95
69,44564.50705972954,29
40,49368.282330280854,41
42,89149.75023490743,75
67,76082.13057246717,45
60,92128.54195864516,13
36,69371.1153811801,27
22,39749.0784697145,19
68,64471.547150053535,26
28,84040.05076936021,53
29,57345.295947076556,51
27,54271.32962988562,37
25,69677.06805928245,9
41,48809.874689096105,92
45,65910.00966227001,96
58,61270.029293429136,52
53,50191.71078503159,54
54,79614.74463734828,3
38,72919.75877901548,96
25,52926.58831426748,69
26,59700.77470119853,8
64,54574.48800304326,14
32,47227.04721514095,3
65,26034.60655185928,24
63,50323.44511287856,13
57,47519.45003368754,43
35,62297.81415670718,29
59,68813.97603056491,72
37,43956.3066039423,51
23,67469.9472345401,42
29,40875.0843426665,31
19,57494.1496872309,63
24,47951.617986783334,26
33,74923.47276158087,18
20,62335.461999891966,82
62,57796.641483364416,57
20,47495.0047977023,7
44,53423.17383246922,48
67,96581.21624652103,80
60,49978.31758554908,60
57,69588.13835192967,33
55,57747.07366224622,3
50,69016.50629148076,4
45,76739.51745386477,4
18,52920.43013357847,42
25,74195.46852890246,9
54,115132.78954011679,51
49,71350.7998838341,17
65,92271.62929199592,17
60,69620.92000213228,97
54,41360.767556049876,20
21,65513.87994505967,14
47,53392.32407580138,22
23,48081.186053648526,52
63,58548.29579195429,27
36,,43
49,38801.50188414278,3
26,114169.23169439586,88
29,76157.41828944394,94
28,64887.804916842295,8
63,61797.60222501946,86
33,84046.97239243792,89
18,101511.40724618986,10
62,73701.70744025148,29
38,62423.854095686416,40
47,89452.88143955234,65
30,62847.18485871722,21
51,68706.29619250202,24
21,80020.21840063675,73
45,52270.4172425148,60
55,18483.31205188205,26
48,51298.39549339962,9
44,75460.01858758772,20
22,74051.01795436357,56
42,86853.40218825203,99
20,52063.379322609755,36
50,91618.50485893527,36
21,63701.35660903922,73
42,72088.2632512736,22
37,78072.2551658861,1
51,32366.687462126054,69
43,,73
22,,37
52,81444.34369697639,83
45,53890.86776521544,72
46,100551.63946649437,96
26,60067.51949784518,13
69,30572.523038369975,84
55,46551.64978589632,43
67,62347.527264386554,37
23,70303.79728386959,94
36,40303.245438352526,74
61,71369.61543612542,95
28,76710.85514091913,25
19,47181.04800889339,93
64,99383.14424118295,88
61,49346.81953298887,21
61,40002.43851568914,41
26,29415.549705469184,73
38,84412.81397384325,42
41,60457.65754691806,42
51,50414.28021071221,2
39,30517.231291363456,68
20,52214.981528660726,8
29,107628.90775352223,96
45,17110.24992477765,61
47,47366.831979349,14
43,95855.67940084421,77
65,84979.46094139045,21
38,48587.48663437437,24
45,64071.90193870612,50
43,69258.74809388819,82
50,62676.77163614535,45
38,95689.00419218352,64
52,66795.08410915907,64
69,82710.32581926076,26
51,63631.97538191231,32
58,19352.223745470692,57
68,36151.74493287033,53
64,40302.4430138795,33
35,55014.28285447988,52
28,101568.28478028782,95
40,67248.22925750903,18
65,57884.237958704696,35
39,84771.15992311295,12
34,30962.32648996503,51
22,50206.096597035226,89
61,47253.426921199185,95
28,67960.83118936275,10
47,77916.72584707933,52
32,69429.7110405446,34
44,69746.32966437824,67
52,52777.817615641085,39
50,66415.19716232279,8
37,43203.242584392196,96
33,73482.77870015599,29
51,49987.93990673358,22
19,37569.80879399252,84
52,60756.388716641704,70
57,21737.676713106237,61
45,89487.40143992014,43
64,75941.97993823397,49
56,66739.39700495604,29
23,,81
26,45996.19633853171,31
37,60811.16869743704,53
18,54737.90457949585,34
25,26228.70069105055,38
40,33671.41988927718,57
20,54338.11206172843,4
21,34334.21202832335,2
42,87427.74647766523,12
64,69890.76718811665,35
55,43930.71781521938,70
32,83383.09656031427,72
38,79354.13177347378,21
52,65779.16712773839,61
63,59208.27533072091,35
69,54030.523835403204,48
31,49201.22584436687,15
53,33264.161615842924,71
29,90566.57510195998,15
34,49589.73562457567,6
56,60564.01219424666,81
26,41795.04287398762,68
52,54810.9896678134,22
30,117015.54847739486,32
32,45480.04192509546,22
35,88971.91549083103,27
68,59443.889656922016,15
50,73598.76926989292,44
23,84891.60510792503,86
44,65445.34768811995,92
40,52965.8568723942,9
44,56278.18043435121,34
51,56951.43036707324,73
63,97287.41113830826,15
55,30317.484456792186,62
31,24585.460844144145,45
53,25918.941656044655,84
25,42121.37132855154,72
52,74001.66154396725,58
36,75228.38584808396,92
47,47849.947171865846,19
31,59430.16944680321,16
37,37674.02729824331,75
66,39528.95425187264,8
42,71597.33678023091,33
57,80953.68122216794,74
41,50463.62351139715,18
31,92700.30241661606,35
43,79312.1069757222,43
55,91834.51704511102,50
40,53981.23861810163,3
39,90413.7249126529,91
65,103590.8527995155,59
36,51749.64933287961,28
63,56916.61923263828,46
68,41045.62995187202,64
20,37115.69807678345,70
59,37348.9731746741,47
36,43770.67736425415,14
26,65494.759579711426,7
45,44616.00921157297,74
37,64883.251091737366,79
62,65296.903023899045,31
24,50597.512122512424,93
31,58747.257908613894,81
26,49441.75214627374,51
36,53785.204534470955,29
64,43822.7405107157,15
69,61682.09379565633,90
31,47989.082690803334,76
55,36678.68248124409,25
53,71868.57777697075,61
57,72545.82402570927,41
34,82233.97071288215,69
47,39512.05250791643,4
26,50381.45386578026,57
50,64609.908101794455,31
69,49959.202463754795,3
42,71418.23967615643,67
31,69958.65774967872,90
28,69585.90712382132,50
52,89193.34466608528,17
58,72881.54148916899,60
31,63077.822229628524,74
47,56129.290268069264,66
58,57522.71783646368,88
21,38715.79692319853,75
21,24685.796260999574,24
45,69275.12255462128,99
25,84472.65875126132,87
19,53397.70153394526,32
58,91741.88318065194,87
63,56469.751338370595,98
39,20924.56037773982,19
58,78364.98507459206,66
33,50414.235255237094,60
46,80175.57355040028,66
66,34449.4503213672,15
65,68240.883242953,85
47,43990.77832911375,35
29,64028.09733124711,69
52,75332.13389150712,27
28,70688.0200258777,88
63,61387.35666060185,7
67,32430.817875755543,6
38,74606.88361103531,33
38,80628.608759912,58
22,39140.05951686915,49
65,42079.41571388001,292
37,81471.14716065823,42
54,55831.16874861468,94
20,42597.73325188836,72
61,,40
50,47229.51224091163,46
26,63220.84262811962,71
26,51735.86658307304,70
21,53449.78359838911,68
52,82207.94767714903,1
34,10629.506397499863,79
51,71095.01508870488,95
41,78909.01556532987,89
49,47560.117176446896,97
18,78755.307087263,52
25,40819.52066318352,35
62,46800.32908672745,69
40,44496.6591281793,5
64,79025.84327205169,17
57,25101.046266643338,53
29,92802.94452051149,52
29,53901.22867772222,14
63,72298.24308314711,29
64,70574.15842727461,8
32,63024.635764130384,98
58,47986.27877044881,1
36,84847.45125855708,29
43,49702.974685577916,36
69,45375.02684558191,51
46,77554.20567047066,37
39,62914.9923907374,93
57,87156.43150232402,69
38,58746.658170890005,53
68,46982.49254608507,96
55,65494.869460477974,52
37,51047.65687825193,88
46,47561.54977388589,83
68,76637.76387311748,12
21,96631.10134550056,52
24,55070.76416163019,1
45,40505.17627428139,7
45,56930.873002003624,17
21,70296.02459791847,98
39,65149.59056954941,43
29,,71
62,73301.796765514,17
20,37931.81063780182,59
39,50133.632987184494,3
61,32383.31760049349,29
19,82893.58691260376,22
41,20162.25469457198,38
51,34333.353387553754,54
44,49763.95067989654,93
58,71278.34806209634,50
18,49566.93172588697,69
25,52695.41172571016,30
40,53089.442534546,23
55,63455.65244716492,85
23,35589.769294599966,90
39,41056.45903903906,47
42,93618.47397591782,21
35,68047.98194394023,20
34,75215.6434370569,23
29,61160.57062910433,68
23,57194.3950351452,21
43,69142.61892190561,21
44,74552.27367352266,1
25,76921.51349383438,15
36,57468.808803613196,17
59,79107.53112556643,51
18,10675.66422340757,63
46,77845.74019450243,14
62,51461.88086512396,59
66,71067.64892603394,83
52,47013.44548608273,50
57,33466.109398444445,34
31,66794.08062633335,6
52,29969.389533576013,49
65,52006.45143554586,6
62,43751.40617791695,69
37,56499.34923413047,7
66,75944.18239194545,97
30,50203.09429091018,77
55,,51
66,74786.92076454176,1
63,47854.89898412426,13
66,48144.92942561795,43
25,87386.57804400421,27
60,58412.22720444186,71
37,70182.7758626375,3
50,70031.22184718448,58
43,36040.24787844044,89
56,44782.4824765601,97
38,67506.9472708004,17
66,18653.70226552713,45
59,55774.0476592315,78
60,42694.32255214435,58
58,82210.12283953307,56
26,66922.30906309899,54
41,83824.92594781354,87
54,59217.507328932945,88
66,57722.21614465955,29
58,53901.4096184087,54
34,49938.612008898155,27
41,113693.1267811197,45
38,76143.39031586444,87
68,38676.22908126435,31
56,112786.17738324357,36
58,51900.40129995454,81
56,66423.04000353711,61
30,78791.94743743731,37
28,29240.921458549983,67
63,43453.46396701802,36
36,92963.2964914138,5
28,55503.42673327209,46
30,79973.40233521744,79
63,50930.63118707309,52
62,58098.80789026317,49
18,95705.13732153,6
57,68750.24484596046,10
61,53103.04466138003,96
36,46332.73078394304,23
29,48162.49215173593,17
25,84831.20061474183,84
25,75309.9661727784,44
62,37026.46735852817,41
29,61743.57113741407,15
65,58663.67056387989,44
50,66321.85539136588,58
62,47928.5776171726,86
43,81956.11223298847,50
56,59973.2144542795,52
45,67468.73035170819,70
22,44306.195517713684,68
25,45313.73724658876,63
42,113150.222185338,58
44,96001.59904853365,23
63,58606.37674234177,44
40,90660.07901453879,83
47,84254.75028524859,95
62,47495.77941901721,44
64,45501.3359719573,52
40,73373.53250702634,67
66,65201.212762256444,28
64,51959.90767322559,67
37,74424.53087497475,78
35,,18
35,62300.03055704915,27
19,35221.52692874488,51
21,35880.17312949874,60
47,45864.70420695187,74
50,67265.74552687976,49
53,46495.25982230739,15
35,35637.827840992366,83
54,69544.98405353894,73
36,89854.94088882073,68
64,72777.00868404025,15
45,96035.97449187293,51
57,88183.56787205176,48
37,50251.43574980129,72
66,72643.19638728221,1
50,58167.38412889686,7
29,81241.99562396118,53
68,58163.76885472859,31
32,44226.06981581467,18
58,87468.11884700508,12
56,66355.91101446739,48
19,46729.40657381537,30
46,50025.473998523536,97
58,46601.587111230314,7
27,39965.051345805674,92
19,50449.69315512899,3
68,,63
28,61281.213403723596,6
30,51235.66127235682,95
27,,15
31,19787.330522407217,71
35,66122.71830311422,43
68,57144.814903648126,94
26,40596.37540407039,91
56,67289.08691575435,81
45,55605.0357527769,18
20,84941.46932427787,22
37,77361.30484822932,61
23,98122.61472747971,61
44,50333.64138972015,53
19,87931.08979495031,26
46,36682.90463969158,91
55,57787.270014488415,40
20,50695.058947314574,88
33,72048.90825818818,8
47,71565.51596487104,21
57,41987.608135440576,93
19,73163.84347968834,43
34,52390.218343122164,21
58,43664.05280096612,3
29,59764.372757153455,31
52,30463.11677274964,27
60,78626.12699977544,27
18,58887.58379116559,73
62,59325.08756403919,57
32,58256.66745826986,97
43,92937.00173383567,33
54,90377.55377659641,90
38,87015.22186798374,92
66,58299.16711482324,44
48,37687.50175020125,43
42,59680.41114232172,31
40,66288.00841454364,65
41,76252.20607786556,84
55,66223.65482200487,76
45,39470.11447620827,17
38,49291.69059319561,15
60,47477.269375021555,34
35,70781.06100811642,80
53,,4
52,73892.63776161741,72
62,66020.71709344706,98
26,18816.009804627116,89
55,25482.806434503822,79
47,57196.24737320716,28
61,61961.55840932785,73
51,85073.31174305957,2
49,61555.90295990063,17
20,40481.01338280706,58
20,73243.29615554737,74
45,59654.966142715144,9
61,51958.9042893193,31
32,27708.011840597806,66
58,61703.740162224654,88
40,64576.35821958921,62
57,40077.07391787901,19
28,74887.1557641255,81
65,73095.93597301966,74
49,60978.25164785951,55
53,60234.45715884082,28
50,78920.75493328497,92
41,67350.60737562063,50
56,45954.89102103279,65
51,56047.03432799704,3
45,71136.98803872158,79
54,19353.581513358797,52
24,41369.47902420743,10
21,73642.75332677951,21
54,84177.55208432226,37
18,80420.97480536025,15
18,77865.86624495561,87
64,62594.87725342882,78
37,39421.93180624621,79
36,56067.53230853531,74
46,20134.618987616304,9
27,86013.12172421506,44
35,43657.74395051382,39
45,49333.084799535936,5
52,81172.38105281154,25
60,27707.460857809117,56
64,36211.94751949137,90
48,65359.42687650269,64
44,70407.60830134957,72
28,58565.98409651681,86
66,59218.337741281845,52
66,85367.5590778889,89
55,72726.36890121302,76
22,70023.39869055091,9
25,75512.92985587486,10
51,53988.19450622764,10
65,103463.31328286041,73
69,13849.36963335034,62
29,89158.42048237563,90
55,78042.15037486219,99
18,64965.76503101709,91
48,61600.57915204223,60
21,56888.93405725787,95
66,82068.87175926818,19
62,59202.71052000232,38
67,45442.30520953826,6
22,78039.65770643365,15
47,,93
41,21456.617538424936,47
20,107141.83661540638,45
28,39265.37404940717,5
62,40794.034469692946,78
21,35102.20561014775,53
43,60016.9810492925,66
44,34405.634300627324,62
63,36834.79872298229,23
60,46228.999048327656,44
44,62769.11350388679,52
59,64697.07197935022,46
68,84823.94558820169,19
67,,88
23,80492.22628195207,84
32,54767.65657868549,47
47,23176.364440068246,91
59,22733.712033920114,52
54,80354.59752219626,24
54,76875.0894341474,17
59,47665.91075111907,89
54,31185.274974051168,46
52,39056.97953661817,64
40,63493.886043990555,95
23,63531.21999709874,28
21,80850.62546253999,278
35,50992.91085585008,64
26,55119.27942996715,28
66,82506.42611932878,86
46,17498.101972247307,56
30,66349.05893834052,59
64,53315.424427361286,5
69,74255.19557907486,54
34,70252.13205722685,44
62,46073.80711220669,42
49,49853.30287042036,72
65,13960.49148904637,92
39,74999.82996523641,57
21,,47
22,87970.24710903426,76
54,52011.999276789065,25
58,78286.71195296051,44
66,38601.47908871721,15
30,5904.2040428206965,51
51,58109.72119264465,53
62,48666.364898939486,34
39,38983.5714843056,77
40,77962.10786973234,8
68,84164.93347087115,77
20,62108.425587317215,70
59,56349.618607636694,96
51,61254.16747805045,21
49,46941.475121973446,7
62,71251.91896856805,90
68,29212.56027677122,79
66,38538.437431396145,56
38,44174.77697386396,49
63,70827.10861963058,42
61,53950.202859135126,23
38,87207.80789406145,52
61,76066.19512757017,79
28,43978.13648875309,53
56,72669.31580797241,16
21,51835.85943695963,96
68,69463.60990047926,37
18,77035.44327185946,18
45,82294.29203625434,20
41,64040.43139675834,46
52,92002.47372960436,2
30,68826.28712122544,87
64,62701.04318915262,94
51,53949.712246801275,63
28,47373.81959623265,3
53,68397.67452123412,46
68,62015.15273959968,49
34,65216.512012687796,1
52,69614.91655112583,22
35,65132.02956286097,93
57,100265.90813855702,14
39,49440.70231643724,92
41,68645.86688239413,85
36,55446.135683025175,45
54,10770.55772849518,96
56,56130.5435426311,6
38,41270.058881629186,65
25,58663.55082319172,21
45,59471.9495733659,4
22,67707.15775878675,3
34,49396.41249367662,30
54,51898.14168526119,31
53,74013.87305619898,34
36,43818.82941037755,83
44,23230.940185814157,20
51,63140.62713852963,87
28,81416.97495136489,54
62,73783.60951293772,25
64,63509.683910606065,15
29,85012.90686697557,38
38,81640.34478329832,23
28,53381.70944541879,52
56,64950.434566741395,66
45,65809.20445272881,57
22,58264.98742514861,57
34,82684.95141747757,79
37,56957.191332064576,52
58,49994.42217990008,35
63,8169.174852496915,74
29,44033.92235252577,14
23,33691.64182393136,91
34,59192.07697467129,14
68,34926.214990744906,99
36,72173.69483337803,33
43,82168.75216428077,52
65,59376.8648282376,1
61,40319.645674725165,34
61,65728.00752363067,19
69,97869.50116176056,24
49,91649.61258649122,4
23,,36
53,31136.375530635236,77
55,26009.271204001037,58
28,37260.41092499357,32
50,65031.8493753726,9
41,48866.1144966015,80
40,43226.59928230781,67
32,80782.19535032904,20
44,70601.86238175254,74
28,25905.947456923765,62
68,79634.4934841927,58
67,70120.69444924078,22
34,70565.26516060745,67
68,48590.519521388625,75
31,56253.916404102194,89
44,20545.56943605766,48
35,77339.7334506925,8
45,40021.45977397369,73
68,42587.41937812112,15
64,42317.17411280566,32
64,96008.02233807638,53
21,46625.918704754265,67
24,78845.20547087445,4
62,59520.15790234436,30
52,43417.80573129041,13
65,39791.998934406045,21
26,47422.878250320166,41
25,58510.77186448252,19
69,72034.74212776349,48
62,50580.16641019168,86
34,49831.76516439361,63
34,42376.897101958515,20
66,36119.157170795545,64
50,34446.179604954756,37
49,79760.57835879202,31
25,49423.21830758256,74
36,51194.48200888468,18
55,46667.748340382954,20
20,53662.87420144753,82
22,67421.48348646869,11
30,50262.383576607564,86
64,63614.79774861142,44
63,88364.16978995281,82
48,43606.719676255874,64
33,51210.63460019582,34
67,72821.20538823618,87
49,89945.92334363851,65
39,35153.79444247598,55
46,25983.919503043355,74
39,59987.87298255417,1
60,57922.46206056391,38
20,74003.38592332197,9
27,70951.20693242027,95
59,59320.73548251454,71
38,80984.29706733582,17
33,46379.6469029468,99
29,64231.6158415351,52
19,35685.855423713605,18
58,59157.43447649364,63
41,30777.36722919937,33
52,37683.12906047399,4
47,94189.0367497984,87
47,23509.24864288859,75
64,55666.9660917048,52
52,76544.30245449336,9
36,104427.11163378856,64
67,63541.50083532096,30
25,64684.40252125385,8
43,60793.70763495498,5
66,81144.68809368325,76
57,68634.07130475798,63
24,48498.2442641423,1
47,82310.23382857454,15
24,50756.185683043455,89
20,28030.077598320015,82
18,28093.50917128844,38
53,55978.637071506346,42
42,62060.83131542777,46
54,79112.58546097479,53
18,72816.32823562203,26
32,61597.01890412688,61
54,80230.20982864703,67
30,60254.75813261902,54
57,34190.279344401046,22
25,29830.95356044886,26
22,85573.75415211316,83
26,15095.404171958762,60
18,55985.18688581663,39
53,119635.86987510048,36
52,69184.66888620998,21
19,55829.14359042267,41
57,26310.768666936412,48
40,92347.41136266431,26
26,84276.55741388914,63
51,73695.93824676794,77
63,59988.80534046371,36
31,71440.24493882754,24
21,57027.57882792295,90
47,40534.78179031337,21
48,79126.69863009626,18
55,58986.8268683558,15
28,,79
52,57577.53518880468,6
25,69236.38764093688,43
20,59710.145386845004,31
31,58149.00295820917,28
30,60599.79190955041,8
62,119217.39380926092,29
49,76048.13971963874,21
51,111721.15833799045,81
62,59837.95171983634,88
36,53818.84061270959,58
55,38516.05883249048,325
33,92064.6239324512,50
19,41896.30185701788,31
57,96191.2151477338,47
34,39676.233384594045,34
51,77733.19737264854,2
59,28179.850330527082,67
33,51160.88596818672,94
55,60441.630588926484,72
19,48050.179685930256,52
19,56613.4679633208,7
43,56709.09788842277,76
30,76138.67100060127,19
64,18264.964220265174,90
48,48741.60543943872,92
51,,15
56,71249.5984663319,78
20,85425.72524254027,48
25,75175.7870954537,309
40,38329.69785980378,3
31,73217.94342239153,50
44,62003.85600185525,93
46,105361.22663585981,54
56,76043.2916498882,6
56,70467.34815355201,49
18,73388.48526682622,23
34,69376.91083333247,92
58,68836.02255492145,78
47,54674.13261206163,78
30,70709.45774040002,20
38,78969.33360545391,77
36,81206.56138064171,91
36,78782.33639207027,60
42,90161.27292304144,99
39,82457.8424660785,45
48,72570.3582820154,61
34,37126.78400672596,56
40,37134.63354341831,2
49,55037.31193477298,45
27,60935.07372095437,40
27,87960.03062406524,24
53,4405.862284089264,29
25,39335.87474513809,67
69,56115.58171070327,68
37,40062.847427346234,66
49,44037.853232594716,84
67,50016.75808229128,54
31,41083.48271851463,53
67,44551.51345169047,79
45,87264.65127388905,49
63,72286.36680323958,32
69,,61
41,59317.544850840895,42
32,80222.10425343522,1
39,76955.96635945569,63
47,71970.75828880722,35
21,46916.718897157785,51
30,51159.25703220249,71
40,81162.60197464738,45
25,49665.3251709809,77
35,34229.51727471089,65
29,49279.63850472044,14
48,91188.11364438238,93
31,49299.266712168064,3
51,66553.09583973385,24
35,47686.24149257104,65
51,75268.51108970732,48
28,70735.98381406046,10
58,30176.30517669275,13
29,65360.6397417196,73
66,26348.262254028654,14
32,48918.644051421805,10
48,59771.32166735245,40
66,96937.31830924994,23
46,66358.24930198354,99
43,44658.27825473915,55
35,53655.79794966799,63
49,78483.93548885008,71
39,44929.66316520066,42
55,81939.56996002981,284
34,49538.97443905209,66
40,41693.61688975764,79
41,50179.940781944584,73
67,27674.31191823861,47
25,16548.460376980773,81
58,58349.29221358282,52
23,58654.04243312881,18
22,65129.23569073333,79
61,58250.51630548855,18
46,106585.06248211645,24
45,63368.18686545394,23
28,32470.7428776679,12
18,37601.70288594833,23
60,60006.093386974564,21
36,51291.467648830585,64
26,35430.402056730716,90
44,58823.038347342736,72
51,59115.51541235316,94
61,91913.8746699343,34
21,41678.20585755809,2
53,51645.443881836545,69
35,91852.32778191264,31
32,66571.72415861218,97
68,41560.905449612364,68
30,,70
36,35716.824899306775,87
66,61545.4525534732,19
23,80623.19969671342,72
65,92618.0255126465,13
29,30274.36538130446,65
68,77382.3447396666,6
54,,71
34,54761.39270326505,27
40,51653.23920241368,79
43,21581.36328210571,52
46,72759.97258136491,98
50,33622.86448313302,87
44,45036.08369884583,48
42,68359.69269106592,88
27,,79
64,33584.121143706005,99
40,84373.2531828708,68
38,62441.17759145459,44
38,46755.97265751254,17
60,62519.923086070194,95
30,73389.52675019472,38
54,82495.35782475353,10
50,37751.29649280422,54
41,39503.23674175644,91
61,72166.86597357455,6
28,72808.25137000202,6
34,33120.62036459767,52
21,,15
64,56125.05398277092,68
42,60471.52488861023,57
47,61038.59754609063,56
26,32813.523866351214,7
38,60836.555410069755,51
37,45652.58610259115,58
36,36673.64746819341,64
36,59780.07903177262,26
29,57740.127406246356,58
54,76033.86476511954,31
59,42780.632654730885,66
34,64703.40873957161,92
54,28626.496231428187,13
65,54502.886455749525,18
56,69273.55669991311,94
45,70960.42454238262,75
58,71096.67591937285,13
52,76087.51594500664,24
64,51084.203322950794,57
65,69914.50876845929,29
35,97374.89525083243,56
31,50657.34700788342,54
52,87603.96031796063,5
61,77529.45911083404,35
58,54673.531353143044,19
24,56342.489976447796,55
58,62368.04719334439,77
30,76403.29988063201,69
35,68052.69263067027,44
54,50500.04805563635,78
30,18358.93996475744,38
53,73443.47917837638,62
48,21350.04549912615,22
19,32680.405860998093,73
33,51950.45610596641,40
26,35718.4280066192,26
26,66350.56855606983,5
55,54076.23600765475,93
28,75704.61960844911,54
39,27845.64933558652,86
50,46762.04567626404,49
53,60083.98754658458,3
62,60854.562610119116,92
40,73880.72810953444,38
62,41708.228392129124,14
62,50639.79429994001,47
51,70146.99321760739,14
26,16028.78521285978,75
41,67698.70503784585,73
25,75278.97231389844,38
24,33326.7855464352,64
53,53699.54103429974,44
35,89853.19633014294,70
20,73196.56595462296,65
45,68939.44545941733,25
23,79819.18630248973,16
61,96090.90235225006,15
61,60370.681396367436,98
38,51856.21991555951,81
45,79770.76821947863,3
57,56250.9372810098,67
18,41439.62683962114,37
53,49198.67494025514,81
38,66246.59164116762,55
60,51008.08395178238,38
52,52500.49505144173,63
30,39453.68370709592,1
66,88707.33032405624,71
27,53147.465606250575,90
61,45769.780587695204,19
64,47897.54386788773,52
27,76050.51949924289,30
63,71463.97157006325,55
30,49962.90591714255,14
54,60646.2607595084,13
55,65534.0884770497,84
41,45918.38614988789,90
19,29187.544252200143,27
39,70300.7483886249,89
34,47025.31672003449,9
53,68806.96700767838,41
31,66420.53284495087,48
27,61115.84602511023,12
52,51477.457024206626,10
42,47321.43554968362,6
20,37231.65189927552,34
64,47705.040912218225,52
55,71376.30023100376,41
34,87956.51484247987,83
29,85021.98684484637,6
69,62908.460323497595,2
41,,15
46,53863.64744278439,17
60,34179.06634969859,16
42,98417.48838420551,28
53,70656.1657291354,85
43,29307.384989201597,72
55,91180.97157274724,10
18,45131.55029782432,10
37,49482.354845497335,10
45,80427.6627816641,73
33,87234.1422731339,28
64,39985.21943117473,24
34,89419.81524053558,19
57,77484.73592818882,420
45,44005.023761227174,68
29,55081.87471432991,56
44,90322.71793147115,67
59,28788.767947834127,42
64,87614.28751784438,12
47,76928.1425567305,18
58,70182.81524541399,23
51,62633.91377142015,84
54,99402.75964924956,6
23,102358.47201409805,53
24,,98
49,72244.09574463335,42
49,97487.52994355664,66
42,44299.108379999794,30
50,64862.79148623754,9
24,80077.50884564982,91
69,19702.131901178618,42
29,76571.10457395778,34
33,38231.35953179205,40
33,63846.62729911337,88
60,82886.89701783637,17
53,12216.386081201425,29
30,,50
24,100766.57969261662,76
53,49333.98000668272,95
64,71533.80293568247,49
68,86705.72661398776,73
26,28141.09903580052,61
49,75147.39517067505,83
28,80475.32465195561,46
25,72772.40439873534,46
50,61732.453844102434,17
40,39991.74436387747,66
42,87828.46707072487,5
25,60690.07130463315,54
62,41922.39174752809,16
39,53639.48339170862,81
21,67367.70982669354,91
57,28776.30086231579,7
20,,8
46,51662.45565884021,72
58,86720.52962731977,87
46,22502.188054245416,96
51,78775.15285004968,82
51,88341.8965120503,38
45,,54
30,25656.35028385849,76
32,95718.00093132959,15
40,41912.559027941345,92
61,121896.58240976899,50
43,23883.199289596676,56
21,63400.94809974241,95
43,59532.12525494565,9
57,55836.08464870086,8
26,69259.24721411565,19
22,70412.92849458134,51
49,56646.82034741792,72
37,39716.521123454586,98
67,80955.20728482759,57
28,72561.05326165672,68
32,62291.67381232149,31
49,71927.34964834718,3
45,75378.82900182261,99
39,44765.3591303736,283
58,,43
34,48939.28548963315,29
43,76040.667131736,10
61,56152.00827153538,12
24,72234.3914736344,46
59,51324.094005809544,30
43,73274.04871875346,94
42,40424.61541767983,82
27,60723.377597269246,88
62,79612.65030219867,32
36,69344.0931449185,73
28,63840.57466898423,47
30,96071.22679301279,88
25,80472.73736977844,63
57,77110.79898506255,26
21,73160.55557833011,3
64,75653.93744493328,23
48,93142.04021104329,75
45,51646.626245580104,74
28,80188.07930550483,50
60,67129.75777549551,36
18,52337.64925732013,13
66,58005.49793917441,29
64,64383.093630926865,38
69,42801.19864661155,77
55,77280.25551000894,90
41,57942.97151821922,84
64,61698.58324485347,5
48,87144.05099855614,20
58,62594.96410453605,78
63,91053.3688884221,14
67,49503.709822097124,8
43,38058.60322410698,48
66,54200.13706110234,13
67,3705.7060101637326,24
22,78115.23504941887,79
37,39222.0291742501,65
69,47646.091571074605,86
58,74325.57123241854,34
28,62382.42195835782,51
50,51189.09083839759,3
67,19269.152549564613,90
55,86016.16059794389,78
44,74461.60066952929,58
51,101114.42659396504,72
32,48072.403280191866,55
49,30910.994712439846,80
38,79895.10570528847,42
63,56238.80165199298,21
22,72563.39718137911,10
23,92398.30574653111,57
55,67763.06192928353,25
39,63345.97801091066,56
35,64600.0557261118,38
31,27255.036280706707,86
27,82160.76418966093,61
63,83441.72324498324,47
30,70611.40049925048,54
48,29691.90730138337,46
47,57577.023497259725,68
20,88770.51550785708,4
47,48684.92674053064,94
23,83685.06103827321,66
46,,93
25,74250.0767903192,43
61,51757.17174350434,62
62,61687.61763291333,85
60,68734.30496337757,85
61,38335.320522116315,85
50,65478.26257958023,4
34,6229.494004062784,65
65,47969.96426356454,62
28,70877.66028727558,90
30,,2
67,69455.04283598457,9
28,32193.66452338064,57
48,80657.16257731162,45
45,37217.00536954532,18
61,72283.97102848702,48
23,37883.32510814284,42
58,44535.875912756856,41
33,40873.01728139035,75
21,62779.1717856344,89
52,56089.30972750869,90
65,70178.18875261383,58
43,59627.30322653784,42
29,29642.530928259224,35
28,65516.2493619595,38
54,24756.686991342613,67
42,42322.92013901994,41
35,52721.733358419966,99
36,51335.93185620711,50
40,27051.746789879486,86
55,87423.19107076383,221
35,92960.05580113399,79
43,105015.50208617898,45
23,82953.02834979314,71
21,52091.06922419453,19
61,51746.4095810285,17
68,50642.123276535494,65
46,99712.75372451553,93
51,57689.17062069679,77
34,85384.65813840454,56
60,83828.69955438878,93
60,63790.95712161741,41
33,30967.1831254099,42
19,58121.62722698168,6
51,62939.325524259046,69
25,85558.4257980597,98
30,60389.15824200583,75
59,35827.88872750389,73
25,79758.1999546341,40
47,55449.17355005025,41
49,9095.00900726927,9
53,66499.6914915349,8
64,70015.42588240419,44
47,43141.23614268424,58
18,56159.08398753823,67
60,73154.340519479,13
56,66635.69602404565,19
34,28746.860997700016,98
37,85071.00332994736,96
41,94126.61239077302,49
67,49796.32227936315,80
39,21802.568541548266,82
46,,78
39,46538.15121643813,30
61,70708.97590170501,66
26,104043.40933134076,77
54,29073.848416222976,91
27,44067.58240375352,59
53,56110.40812903102,53
54,85833.56722717884,52
45,131112.3425910655,81
45,64941.70374199255,31
59,27355.545185509607,15
60,53089.572514975545,20
38,44502.73027524031,5
41,74431.70955371579,7
59,67537.69406597866,18
57,39163.73263990804,56
19,43330.29151505738,75
25,52798.85554851323,96
65,55212.83379874501,91
44,59156.221676608446,90
39,60977.46430388833,45
54,84697.01075469075,28
44,52075.779759571196,50
46,49128.66319506834,2
20,33224.51958220235,84
61,55522.8153476495,68
30,65123.92492386098,77
62,25518.072768136422,24
27,53151.42813210855,48
53,83205.88259840087,45
26,72966.12085402422,93
44,67468.66345521585,58
51,72424.2459794901,36
68,48525.9146022075,2
18,45861.60428188076,18
49,85438.17561476314,49
42,76572.78758849752,8
46,45074.53956737792,58
24,22425.520806440276,15
66,45489.68903039365,17
20,70870.68454931826,23
37,46834.797145535405,66
37,66601.35621601032,70
47,88395.41107797797,93
52,58139.45844413851,27
52,64679.203059697575,37
66,73698.07712999132,49
56,38358.31483344929,64
44,44539.01549975898,34
43,,18
31,60739.350410982166,64
34,62435.17220618859,74
35,60665.71655714699,44
62,79565.87937923915,17
69,68714.2528089935,59
46,68976.40182141624,13
37,84443.96315111546,52
44,92131.47716149378,60
35,104871.83447536094,42
21,48419.726103694535,91
18,109388.14828017249,64
67,38064.54113089634,66
18,,34
43,47320.80282617248,95
62,,87
37,60371.51890325947,71
69,42660.58500343963,64
40,61734.37333511921,33
27,43693.23780324715,12
28,35301.131426586006,76
58,59225.527339475324,19
58,91797.53780485867,9
22,54919.60521966049,74
18,78820.4183074843,17
34,43086.674145683624,50
39,34330.478587309335,39
51,69077.2031391072,41
62,95112.24770202892,10
58,64179.08904266307,12
46,76532.94893074145,79
21,89902.48820392953,95
22,59269.393006357124,15
28,56958.734366775,28
68,69441.76701261265,4
38,73000.38212236339,36
52,32020.498226335803,65
29,65914.512525415,98
43,59986.3718111361,47
68,44209.62321779374,81
36,58603.79219644626,39
62,36693.5033627455,38
24,29781.44540252632,44
64,61336.96499282056,51
24,78041.54046791152,97
43,53054.18523693283,85
57,40785.41472384648,26
22,43894.024288240005,36
38,70978.89035533105,69
31,93347.70435885194,97
21,75409.12382854594,1
40,86015.83798497115,53
59,39047.52604459663,6
37,58521.40166530392,37
32,80373.81700848816,2
67,32016.44837545535,69
69,46832.53572747176,90
62,78840.38314083064,41
46,65168.51541576698,51
25,40697.78135434634,47
58,27383.571855861795,13
65,86746.30362730012,76
36,,69
65,72647.90357940609,66
56,49339.11129226606,59
63,80941.36632726701,68
45,39157.03400382194,59
63,112295.9787072354,91
44,68045.97711376763,10
21,71341.38437571179,13
32,44539.05626446314,2
52,57332.393316023474,90
54,57851.018544876395,15
18,95921.36658503365,46
20,68011.53542855573,57
64,70876.59412806477,10
41,70652.97752963728,22
44,72572.21798169194,89
57,32210.929805144206,79
53,100985.36216073428,77
51,42450.2285561008,8
46,59231.913286618255,21
41,90629.65795043255,85
41,98692.50593474723,22
59,76119.08159462949,97
21,49906.10620508907,45
20,62554.691058886,91
51,63339.34558215709,40
66,64047.80914618268,22
40,35398.93945175072,30
69,85202.19064790975,62
40,62691.779518755575,73
62,45555.624621001174,45
22,50032.138245051174,35
48,65397.00071017426,82
58,31941.86700883187,42
23,77568.70152331913,5
54,64694.60604819484,27
27,91313.79234052185,70
57,61551.67442269141,62
24,38294.641204289015,32
56,36043.93620245329,8
55,52185.88772175144,85
38,54301.90466756938,18
37,48654.76570684837,78
20,62569.61065836869,15
68,48147.12612228647,26
39,65084.11788848478,53
64,49587.03168663461,44
21,72634.07415469142,32
45,53798.02413246352,28
29,84924.13344534865,39
55,73045.89399579307,32
68,63871.70679623411,77
53,55846.45466720182,79
64,29619.805493427546,18
58,88270.98809347843,70
22,46384.45843165401,11
30,61814.64268804438,32
40,66876.08647071764,20
67,56329.768808438814,97
47,87092.02108716055,40
54,35572.581651825065,8
42,94678.69613974675,35
65,73431.15115016632,69
44,55071.588263310616,99
68,55295.40012137423,78
31,15663.569921923168,21
65,43035.34459663797,24
64,52921.92489973914,17
53,63522.099520618154,18
56,85191.62488904454,98
33,100750.91249657903,12
39,65445.34197605146,16
38,,4
38,50192.96464976263,89
25,25697.9971335426,34
66,47884.26947589568,92
33,55889.97840507954,46
48,79507.88841330324,75
59,70390.29063163893,77
27,64430.904478021206,31
49,48383.998130214946,25
51,20357.665019117383,74
26,21564.87902534692,24
34,26725.27066115976,65
28,54159.86647590564,25
49,79880.8887543598,28
27,79341.31139921767,36
39,75874.31524154873,82
34,49698.090329639206,6
21,82885.2633223422,66
65,41378.588474203134,67
69,77067.86877717753,72
64,26508.47360423889,95
42,36457.755122255636,48
38,93052.30121941127,83
54,55923.307723415914,70
55,46380.602811671015,78
66,82055.17417331308,67
18,84347.43247114544,48
42,51334.38383801555,65
68,65569.26905884274,44
53,62738.14850814287,94
34,3457.9711853999906,63
58,32082.79842472545,46
41,78845.08828364153,19
19,43347.915019145,64
57,70596.75792130128,83
32,65260.80902691067,73
49,84308.65540255763,71
56,32724.17023184287,50
23,67884.11681922505,63
18,58691.71083729112,41
64,44204.51318650105,7
40,44064.07179441524,9
56,64549.61761651327,4
34,72593.40342103584,89
51,61271.925650885896,49
58,61894.28503714557,76
46,50030.11191927953,6
26,51356.28365900552,82
30,44150.59283284205,21
23,49627.96696609943,15
23,71893.51183669995,67
37,74128.11248867697,66
69,34482.48768387725,56
20,42071.26649436803,68
34,45792.03952661617,32
66,58719.26276467169,66
29,26336.94387927193,29
65,,66
64,32288.369739558544,34
62,68009.64268420232,27
18,59406.50115335471,60
34,50749.049491152604,39
20,38734.454384639575,44
43,51058.070974216105,82
32,48706.15768484157,36
53,92693.33105039744,19
49,79940.39423163541,91
49,46185.841481421594,45
21,63303.90681904914,84
35,78884.17293171992,21
66,46179.716254074236,23
36,31657.7851805346,94
60,24062.829581347527,89
69,85445.33839829215,95
52,56178.75237060165,27
57,65826.50465749398,98
31,48515.2524936188,72
50,34642.02163020631,19
31,38373.98350321804,41
51,33179.30415414782,26
21,76999.8882893775,28
41,89851.22316664101,64
46,60744.87924950045,68
36,29644.018135992024,95
23,69931.68381671216,80
50,85299.69329985086,51
66,79433.33534966788,74
57,59417.37903030012,48
36,55310.35526746235,10
18,59256.673575805384,73
22,84504.98009953432,39
44,75207.30855642764,19
33,52284.86000753396,64
23,51781.69448419206,19
57,50366.0990251863,76
30,38707.34732895397,62
65,87036.76471490772,13
52,44243.52504507123,25
36,69805.52131333506,89
29,46771.447233643354,92
33,50455.522359332754,42
60,57722.38466554058,39
27,70904.84849668415,30
42,54815.52236429042,5
37,37215.896567653355,81
48,60381.626621582014,18
21,44666.5640161674,21
61,90876.76613829062,86
40,54801.10995054822,50
19,46640.61323857729,6
39,99496.01599306686,50
68,74777.79404884946,80
54,42064.51772391568,66
25,44181.71880006792,1
24,69483.65962181363,57
31,60869.52602069797,30
20,77803.51085440948,58
67,46746.47398016833,52
33,74022.18249596954,37
36,15234.233177839124,48
68,56911.16261482456,87
35,,1
69,50899.0675866516,19
33,57942.507077478425,46
25,82770.07279187391,67
50,36919.202413579056,2
66,16239.139911800004,56
29,39238.92857776773,17
28,80448.7186385632,92
22,27100.173290168503,82
44,48561.047188302466,97
29,76791.54749623663,79
34,58831.42913491293,22
23,82574.13441700641,27
50,,55
22,53567.818249379685,32
45,86743.54332709998,60
31,37462.3670773567,83
22,80696.19686776173,28
50,55286.19233879676,28
67,68682.58850111846,74
65,85293.13814045081,84
58,68596.72302096177,25
36,48175.00881261267,85
39,71241.25504250456,78
22,46764.00309437989,86
19,65467.33705570776,26
47,34963.14081150455,75
64,60581.8934682459,71
56,83785.8615657753,17
21,54024.60554869883,82
50,81873.80877698623,7
30,121868.59061341811,56
37,59421.05370377575,64
24,72283.8431248397,20
32,69537.25169764114,38
40,64502.073183481574,75
31,75757.92048317792,58
40,55038.09936254674,16
36,46749.11799450916,259
46,29473.544571389837,27
37,53144.83013826342,51
46,78028.68330270734,75
41,41204.05777613737,16
35,64933.557930655144,87
27,57537.80272938139,60
58,47585.63753914805,76
25,22939.193404934667,40
43,87257.09398241574,67
46,70343.81060766758,2
27,113305.75655418521,48
34,81588.26027915083,52
19,86810.87957297095,24
23,25012.925379532033,93
22,24663.292708768815,98
45,60846.24122105174,84
58,37037.69153037375,82
22,46374.26306311949,78
35,110525.28360249936,82
43,83797.52343363722,2
37,41286.88915336407,65
58,12677.589728602492,20
66,39601.253237918994,34
44,48856.11114122555,41
66,53574.726614798485,41
29,34419.074978467586,75
24,82597.01184661589,91
20,45770.784122834935,23
27,72971.55345205418,38
51,61077.74843782044,44
42,78769.54110172085,67
52,55241.59343113909,62
33,41500.271226840596,12
19,48028.25591796068,30
41,,95
27,101291.01103152469,87
55,61530.105436785765,65
39,60092.65629407755,41
43,77640.53081417098,20
60,59998.60290491742,6
56,82433.5263862874,75
44,52558.444785977714,99
46,50527.20499174621,4
64,40394.53007970344,93
55,97000.94660101403,10
37,58603.503524687905,51
44,36519.1508075701,93
58,63936.54443958436,38
37,46998.92245873119,1
61,52207.97537092138,275
36,66215.06863455437,81
37,90419.70480508202,83
52,62031.707163460815,63
64,45779.264590896986,33
19,49901.70315411544,15
47,73128.94373820937,31
51,,21
39,39146.35447407816,3
20,64252.9215239468,66
23,25866.608452505032,35
32,53749.642417302726,41
44,50434.699286849675,59
27,77548.97044151335,16
26,54994.353337616005,56
50,83733.82765206094,45
49,61577.46046476122,59
65,95529.02261618534,50
23,32250.220712164573,85
58,92342.53682535955,12
53,51777.456875412216,92
19,89478.99402452819,12
46,83704.69399770329,33
21,2961.843184346493,84
18,69583.36420639679,49
36,79952.39525615796,21
43,86571.85473342234,60
42,36467.256284411545,52
27,71806.8579402846,54
32,63901.473573314564,39
39,68628.1793393265,49
68,79978.72973186037,64
65,83134.19705452869,86
38,46885.14090471058,26
39,65308.38663693313,71
53,60822.70634424256,7
51,55212.9475546069,72
47,57124.49577661919,62
42,63919.744841132735,90
62,47960.367950654676,88
45,77660.7355706176,24
18,85386.165765837,40
66,43588.46888828209,76
62,86366.59775878245,47
21,43626.13151547718,8
24,77955.73823379571,54
66,86329.57621181136,9
26,,3
53,43790.04516032443,54
36,48226.34004576741,21
18,67237.13731297712,95
27,99293.08824819929,48
53,26145.3431792658,47
26,62004.83929623955,451
62,58238.55701805976,68
63,50869.564764637806,277
59,58384.361165427705,63
49,49156.06356301845,16
49,84863.10823724815,74
23,86849.8761333345,90
65,61762.70542294045,93
55,,5
34,50139.2665474587,11
27,61805.626755053534,29
67,96956.6205773525,79
44,57925.31527597283,70
67,43211.352039474805,48
52,52044.762173062976,15
69,75069.3992353776,84
38,45645.2659190479,34
42,59325.87810674952,60
45,69457.66270325478,62
64,47162.74287893946,2
32,24711.885584698968,80
21,38572.290722937956,19
46,,98
26,55423.45388286717,49
44,60885.99322790555,78
43,76474.02594754222,88
36,35454.87982670586,28
45,73565.7374141435,48
34,52581.52977700397,96
60,,37
58,60271.473187684096,74
59,86325.35102999936,49
67,77662.29103316966,48
37,58474.59177955865,73
62,82515.41232257501,88
57,63844.4536109461,29
56,79623.77655644876,60
66,26767.953300623965,29
40,35006.5436947947,58
64,74580.7197114544,48
49,90785.64988689647,23
69,68345.91461825011,341
64,50053.262532483954,95
50,42989.682828534205,7
63,53693.69672810384,49
22,84272.7398343353,54
60,53149.459234252114,68
65,80955.22482774837,78
51,73051.4625090909,42
57,,74
28,64005.23743073015,59
67,59008.07277635917,44
20,81953.44211360536,98
50,41294.74409403963,26
28,51119.660457781254,23
33,26399.905089403037,73
35,34913.508819040086,8
47,98467.4375945962,53
65,73846.29147281399,14
27,32585.968340541305,71
35,83896.5798925411,7
55,45926.04907609314,9
36,72819.01216666793,3
53,72520.27208791343,78
30,93299.81400165398,17
63,49245.4049899909,44
20,45195.41225639931,86
27,6219.149704830823,46
55,57564.537466136564,90
18,74506.59663968466,58
44,77239.47670538948,28
63,85047.98759257517,14
25,,9
68,70095.62236478334,26
63,61362.40881427228,342
59,74149.09671105802,75
34,41315.1528580002,81
26,31830.70338169497,34
23,43425.23981117434,19
60,64272.47435173314,39
42,33991.50668389505,82
56,47335.11680791624,13
66,47974.114339296684,5
45,75636.42421930912,50
50,73201.90921060758,23
54,61409.72184517834,88
26,,29
35,69415.80887933941,72
38,52727.60885734057,26
19,49150.01387224543,79
60,90733.72831244742,57
55,10217.443903953528,1
57,45173.93262125495,28
53,55924.34957180188,62
67,71199.02854638694,47
60,82710.13052206383,78
54,97134.63208376293,98
32,58165.78634259739,59
45,59505.28750620333,31
35,67252.2012123036,70
51,49377.58123342156,49
39,36315.2545588825,5
28,58074.99067471963,31
30,74907.44584003596,37
21,55141.53107647038,79
39,68268.70777436186,15
24,22623.653742569273,52
60,60368.09246838917,69
41,51931.0681857135,92
21,34497.5248901763,97
45,73144.25007169695,11
32,96912.91138548631,43
18,79799.1785136177,70
20,81074.98010956879,23
31,74249.54069233609,40
55,72929.02899292439,63
67,24011.36128848968,2
18,57440.98099856022,79
55,70173.39533291735,87
55,70628.09562401734,86
38,85434.1237853941,73
65,39352.04700733642,47
46,72145.43230815398,30
22,38699.179920147726,16
66,55766.00820321879,59
27,58760.73985529449,47
45,77251.41828097904,30
38,74899.06776800688,9
67,62406.61175423278,65
24,16959.249575585818,59
20,,64
62,54646.470459224256,8
64,87836.117832382,52
37,83069.87088680737,18
36,41239.54186188684,91
52,71643.48477981171,82
21,72038.21212320808,96
22,70583.67159233852,58
18,67991.62149491197,49
21,72603.091729365,32
29,90029.71631147992,48
44,48972.39333546927,45
59,41883.807534857595,54
40,75654.30271011006,85
42,22332.758107376838,46
38,73080.47721125741,96
69,69538.77937084094,31
41,13089.949527755518,37
42,47273.266807792694,16
62,91519.49051215968,46
63,30856.4693856812,46
49,64251.83229898857,78
49,,88
22,45821.07391876468,89
53,98326.37640854677,61
63,62468.88691572279,46
59,70339.01377125845,51
66,57750.70847146972,62
59,29697.33371804754,35
56,36301.535862046774,81
33,83568.60651284465,42
50,63057.84296691469,45
66,44594.23288087031,68
38,59558.963974862796,75
26,73231.95926567898,47
23,69089.77695166625,79
68,44604.21599568309,30
62,28493.93442125693,24
52,51859.06913556908,66
56,82180.97271873413,43
39,77087.53930214421,34
58,68208.06529850325,23
22,56582.39177067777,61
59,49665.06475878765,95
40,56953.431910912805,37
34,75635.43328604242,13
29,80203.81224471523,97
40,,71
33,110724.62619055186,96
20,61848.075515541124,7
47,53060.89100130196,42
39,89513.38877219101,38
26,19234.069404754497,52
46,69600.67389130712,44
64,58544.03214733406,64
54,88963.68639742717,13
40,72098.46717300384,88
30,62782.04339683317,28
49,73252.67595093098,96
63,38888.35375758496,82
69,79336.39668957717,98
64,33108.28485973058,98
65,67169.94761628729,1
40,60712.28682172049,43
62,24738.9084725715,42
34,61378.841161920995,95
57,65639.73503412597,50
38,46902.48052084418,60
19,39751.560023147846,1
54,69843.54806856795,51
23,67246.30002321619,16
61,64536.38178508087,39
35,60176.83544709767,15
47,48668.73966048806,33
39,105443.62905329537,87
50,54033.38319503824,53
47,,98
34,61088.54550420267,17
60,56381.17907377765,89
49,53569.74383167019,6
59,97485.52181211972,31
68,37405.04363990786,69
31,60748.74137587412,40
27,38746.53950142977,30
64,49179.50457207943,69
68,94722.31899790064,76
53,65628.90111443786,7
51,65387.41190376769,13
26,41210.37543744291,4
59,51507.56882566436,50
45,96462.43043117007,3
28,69987.24492873822,12
31,53205.70296714191,65
56,68812.14513939878,27
64,65353.277264224176,50
36,43211.206922962476,77
32,52623.83502955852,17
45,105090.72204215731,72
41,67840.05166893282,32
25,,84
60,70204.20296492822,51
26,86061.76546055893,17
64,41912.43639694545,34
50,50863.1540663304,35
50,89075.41909917037,99
36,60698.2493765246,24
20,57142.4355441742,54
27,33278.83940243042,18
57,81411.32616961734,50
64,56230.61926498746,46
59,16580.341296864615,48
18,28547.249704674916,33
46,48768.38769634605,87
67,38543.15413674729,89
51,41680.764926000425,27
68,106893.39790606861,1
30,74150.46027332208,85
18,8453.099540113137,59
51,53713.56177558995,10
46,58210.13185292264,449
65,30461.321321267314,25
64,70687.72611071885,84
30,19172.21349720163,57
65,81938.93915540741,66
66,88830.59963445767,15
46,107051.70157914006,28
56,28513.41491534174,13
41,32582.052829997283,14
43,73853.44068505462,66
34,83653.60110131954,34
24,76179.05322717145,99
30,81594.34014388522,25
22,87536.54723930068,54
43,64045.00791058466,79
66,55749.00173158815,12
20,32636.455841491927,9
24,54037.89189568403,31
66,57102.23195338208,78
56,41006.30853351489,93
18,59235.51597685872,53
66,,43
34,82266.64672694339,38
60,68516.48938358319,42
42,50807.92622323372,72
20,63776.8121565217,48
32,37898.204752837,67
46,,66
60,,16
49,56161.43859181798,83
43,62824.03624978048,94
33,62903.127337920116,16
42,33624.44667005399,31
45,58385.42234215684,58
26,43638.89358836891,28
18,-8179.334749012676,4
46,121511.71063045898,10
39,44026.985480941774,51
33,45136.95691710389,18
58,33071.27755278816,47
68,38850.14090605652,32
61,56226.55370171767,30
68,87036.26648240056,36
58,56113.0265690464,9
24,53528.7538153065,36
31,84005.47954042775,29
46,49512.06938929833,16
36,60422.987911513315,92
36,41568.59869574037,21
19,93702.6700190514,64
58,80970.20480071692,66
62,56940.25260933267,59
32,52011.13436258548,99
20,59363.210867265225,28
28,57232.34842778399,55
63,29063.60669354653,31
47,81653.34902850748,33
57,55457.244395112284,87
35,97966.80752092291,60
68,68436.31421525165,41
65,9578.266997406143,81
19,34367.53100301899,46
49,17078.897865634783,49
25,34119.03891362203,65
39,27327.966516212397,42
23,65051.34980763681,23
29,53678.293167874486,27
64,74810.79836057778,89
57,59238.00834652077,32
53,55193.8186371033,83
32,100064.13898538687,88
45,64456.45267717005,3
69,58389.76964994851,60
66,42931.18159863914,76
62,36481.72968660745,99
35,75410.02036784202,79
19,74213.91995669718,17
30,,32
62,69578.23186605632,7
32,52137.943251209086,83
37,70220.20557540635,71
46,58393.987955921184,69
59,77307.7026814754,58
46,86686.63653704087,40
20,56628.87307232425,85
36,95146.19279629478,48
20,83766.9453524304,51
31,60353.68678862142,57
57,73414.86550115877,71
21,66109.93773960367,37
69,60439.87985608587,87
28,98262.90112946021,75
48,70352.08921981382,74
60,43180.63278737881,85
49,39440.60646142783,55
44,40258.06159095545,41
47,69790.09001836347,97
60,53169.72655361885,20
19,66665.87433225555,33
66,78727.92569922746,40
26,100574.27060864578,99
45,53630.53532623286,34
48,31828.987853335395,62
51,95848.04130661453,91
32,30857.983553618575,19
65,30071.42585088416,43
42,95329.00519933796,69
53,81324.63055474959,63
25,69696.80682452364,93
26,59001.58005093052,10
54,55215.91965209492,13
65,46983.47950011323,93
62,54339.13651449168,5
56,59051.69237938555,58
49,32511.002161211567,59
69,43595.42968055088,76
34,,59
52,,77
54,61562.024021686535,86
36,95570.30872530359,15
61,67511.09844065117,77
46,48879.15866169243,1
24,55992.89996600534,38
45,69736.44625022203,53
26,64552.252530900034,52
45,71565.71838423196,1
23,67540.8954707587,11
46,54947.114696199984,58
34,49284.13417854001,40
33,48208.75592080068,86
40,41494.574307558825,99
48,38357.614324509486,60
20,96769.27861724951,44
38,62494.20303292111,6
43,56893.97097783331,28
53,50082.313676541875,31
59,68577.58218661866,8
54,84073.27772112147,5
39,74465.2895251148,54
59,78431.7817462302,17
29,48269.42435632042,38
59,59917.41516433241,9
30,48532.43776282081,74
28,62140.62797606485,84
33,85451.82016116421,78
25,68788.07689807683,14
57,92534.28731992103,26
57,54229.52779099716,93
62,43860.77891965906,62
19,70242.56973388558,91
47,62377.16726445638,25
47,66454.04506329335,80
29,63464.40325932996,36
27,50311.31253297048,98
61,63914.72095539999,80
28,79467.41071658341,33
32,81522.15415803909,3
33,50209.66801629256,87
34,64620.118634609695,11
43,89542.22165763174,58
19,50642.18501880951,64
67,47011.072011348966,18
29,75888.05927937741,47
68,72379.18413960958,44
43,43260.478365357776,93
40,32010.78806084977,59
35,64231.12204592694,50
49,51628.05804270147,69
66,26318.47490743173,88
55,46255.94952303071,29
64,72052.1963006915,93
20,56971.785781780105,90
55,91322.08090037321,67
20,18255.25179162521,2
47,86759.84742974298,25
18,53121.93240467623,19
47,50231.5732808724,40
62,28976.12326703494,2
49,69301.63698285518,83
45,23464.76012012852,65
38,76358.07289195835,62
63,29732.718699164776,91
30,32885.88079526179,54
44,36175.70766634637,45
53,45681.00065213005,49
24,78841.51882199002,99
39,90079.1306724331,69
27,47748.12902119946,38
56,59068.737973878684,4
32,69798.34618145022,17
32,53413.752725321894,53
21,69015.15254585994,85
49,59918.410569919375,53
40,54930.80242486937,31
23,31603.68610195805,22
41,62980.8639584934,11
37,79167.51409296115,34
54,44434.44304519435,15
37,20634.58731621341,10
29,53608.98715409393,96
50,90195.41289615039,53
45,84238.998709755,48
25,48390.755884348284,31
18,69110.30009979714,37
54,72270.91826301134,28
39,89806.76242979332,31
23,28988.354075989893,70
38,38623.43538740711,14
49,19804.892775266926,87
52,46431.81603310256,16
32,81326.1113493767,25
22,48805.61680088638,39
63,33836.221403593874,66
67,64532.72834964197,38
65,65047.37673574709,41
23,39659.01094097331,98
42,49879.081856304,40
63,63011.53041291252,64
57,74919.72993383577,89
46,47022.55093021895,16
24,44140.47306578651,82
57,98251.09378863883,77
30,54519.475385104444,59
55,64988.686084281086,91
35,72967.2991279126,98
19,24262.279297041583,11
25,59629.460766029886,1
28,27085.674306526736,13
50,57384.45102465196,30
55,87462.47803672976,69
65,40030.63346556112,18
44,26671.61620504353,78
37,97753.71553733185,13
29,37058.85649195656,32
60,30028.42005546019,71
48,92380.63138780359,72
44,36270.60156405691,50
49,92898.28419457248,71
27,65481.816563413086,80
20,85679.14153346873,31
62,63721.32672190502,51
44,81594.04729457514,27
52,41631.023548384655,60
48,47727.94471953332,33
32,17689.770578106923,53
33,79435.62955515702,93
30,68391.386866307,392
66,39853.507493411555,33
