X_Coordinate,Y_Coordinate
29.970161918667426,62.95961417617791
34.36125269699261,13.617756521709701
41.7671921055162,59.66676736870073
42.70261076681772,67.5908176973467
59.96412806385688,55.983021861967146
53.33581721202046,49.07418183977865
21.483883567730214,47.4061012549789
51.24941956320212,46.530165084622666
54.77382869875141,32.360302943493366
45.071502256205626,39.687142521425486
49.086710346399464,43.751089315217605
52.85465188095585,51.70241519338613
61.4689939645337,41.64777863514401
26.37680018805898,36.96306136253105
46.33524442040527,61.39656288688768
72.62504147086594,55.559209579217836
71.24991962446934,41.911556948156495
62.7640539166367,57.59417707231381
58.05237025933514,43.20263159471097
74.81952122603133,50.9459754423218
78.76772002409999,64.625660820843
48.06380017929721,40.94388360250605
35.4585133506752,32.41382588249385
45.94561523563257,47.822981254679874
96.4504327065808,29.54802475721807
26.459654859122086,45.83827235973537
42.94191290705874,45.790437810298144
28.80963271261053,13.044738141416559
51.87145794316078,57.95952745616765
31.959634566576987,47.25965349978019
48.36873465749573,67.72844679157903
20.748572599718614,53.23297969691124
59.26430997626976,61.03412855473322
68.33517884701962,67.85058129810565
44.24084566904811,48.02424375843881
47.97304989386447,49.987652167041475
47.548891539030315,26.396851649146523
52.71366012837538,68.59306617851362
49.427456195503574,47.81453900417668
61.52175428646041,34.91404174478028
68.49558700176419,61.09583729731141
37.78893166261726,17.303282120536224
45.36007260838555,43.560886656902326
63.52429173387117,63.624665618177616
28.674964279114516,43.43417222051142
,39.23117073577128
53.39473929347718,43.757678043305745
57.445196166057386,19.851061032971394
39.165497180696114,60.7321764767455
41.32023418819317,48.156709370346306
38.59711517388652,45.91513085007857
36.996121409833485,45.96997075386438
60.402437309069,50.211196976968765
32.292522695035416,59.801560560081
46.01715707849977,49.21904688201126
36.419957487277216,29.575451777302817
28.170665361481767,58.632741823161005
63.052672621201566,57.4785453650634
42.20262166739692,53.082904973246904
52.82660120631135,66.12861960441978
27.378861802984847,50.45568014619438
38.870908193652866,66.67064133483883
61.34131821042509,71.10816532217595
88.80907183767965,58.73469328286724
20.356759034145323,38.780995671830944
46.983383070658604,48.03821422246339
56.1842089721525,68.58284051087561
40.75849770141075,27.535582008957398
62.742829804911864,44.120694977320866
36.999009940095306,44.85552745329884
52.30771490324962,37.021840994693996
42.168921432524606,63.093184248781796
68.29146624432158,55.65222606561166
39.85453245446592,39.33412465099262
44.72189305570226,59.082693803537595
64.18533556245733,47.623756479976734
34.57942011360704,36.64708140166486
51.031250851453585,39.30622384635699
22.661984844700974,56.540766121639095
33.68099812056388,64.08514817782758
55.731969138362054,42.69847650567821
35.13953735695652,58.16662000503518
41.83140602264312,73.72631236366223
57.396296030719064,31.116941654446208
41.312207882796045,55.335048092579356
62.34263109824537,62.459835369431126
53.23494181229096,48.57275275101754
56.535246678867544,68.5742481628347
68.61448398107798,82.98255557391926
54.797345939210985,55.15033022579455
73.08270935704016,46.496154015830015
63.66893424556736,64.65474211492935
42.14821355248315,62.63103290566852
69.39722112531908,12.217535676227236
53.95799031354418,49.958966658633294
44.07980437009245,44.08100799891329
54.17578542981324,55.95058537270875
66.68490236585394,47.09512579559315
56.825676413633325,48.72235861593497
77.33589248827096,37.051808608083775
66.29795836848233,61.01793827636731
57.84740050103244,74.82563332203098
34.608978758882635,37.28492076177447
47.30401228984819,29.044174652795398
51.07496209626277,50.30004829741196
60.449472518266205,49.57016508447104
59.55999561908289,67.56399179180539
52.543106153274294,31.562075714322017
51.80524873065757,41.93067237463854
60.806853426141046,17.784451410997207
37.121206615550214,70.62475454317735
75.43273728874784,53.75816942485045
19.29249672254793,43.04850629028805
71.83114223258043,30.165927821132353
49.32221707362257,31.542859127341238
65.0386972140739,56.214003496870866
,33.38862431598935
55.190516163662025,51.56008134722854
58.313817140397816,80.64417291702546
62.13581433631668,44.786185655827694
45.067537601191404,35.57833334038432
65.52198695789355,55.73010808179144
33.73294064631825,31.61312388827409
49.92004140010813,75.79976795494105
62.53954886408415,71.05429502792502
64.92526369423834,47.53742571569534
56.911832723921016,36.5406022786367
44.09911343066396,43.61345190836959
63.450616675530554,45.56501581871858
39.9595064132187,55.75350697560597
76.27113610623367,65.59448493951675
48.72993653750504,34.45231053862115
26.90561458691059,65.16364348014116
32.07974797975172,59.26528419216947
50.654654553193815,42.38315763790091
52.0973790698908,33.699321564844844
79.54485027426642,51.743490759388514
34.42250993578661,34.106172744468736
50.59193298955896,65.35521273743909
34.10867889376915,33.141758418016934
42.61017720179895,58.21559289744716
75.25958045104007,48.79075452777377
32.95495665266014,41.59062673437198
58.805636361017505,48.45752740521064
55.89361038521587,66.19974754451303
49.63742860462687,32.11613886509315
57.791549347876064,43.81765167212275
32.59969427085067,38.72384652969218
74.84483761705336,49.42074299676928
78.87268242685282,39.729786612310185
50.7065704663897,23.478781364200785
86.34659195920331,34.17293679601457
44.014581026751195,74.56632527807167
56.0064799078442,53.70092316929409
71.4783359566177,53.185430807121165
43.11493309665636,45.76081414987043
29.276764116808426,49.22561863836246
25.82424401571719,43.5528211575293
80.91239845853988,57.90392796561598
42.06463024041834,51.512132813890595
47.21394854872252,32.43097684762077
33.308538825184186,53.80586754656289
64.22508918993782,13.118871150926743
38.27660211163123,56.207887995166786
42.63105458508017,28.85964714745218
54.49280629124241,48.55917370744886
34.039311091316414,32.08058595205716
47.32126595728662,50.042347992996454
71.03314384254905,58.67417778914333
56.42381596275295,72.5424062787437
51.95813438642538,26.879635174827822
53.22297064195798,64.63209433506702
44.162973560351546,51.96729058066207
79.94228479632389,43.23999270763064
37.81764304198899,61.397847575891895
,46.461127233721896
51.725383495142104,60.76295774601019
65.13143760699703,35.11595430308007
66.5476090819046,40.50504451555561
49.519717932693936,64.15400079191899
54.359997396695746,72.28100785355633
54.928021308709226,49.47452151270726
15.917875166440894,8.190666119663298
26.165155962833367,47.01426076087318
40.92404463917044,50.48639176733645
41.57601985434697,46.50839934960242
32.01076367053801,55.04507842498297
61.24373857060445,42.84635108604017
50.031776315262086,62.58306291017041
46.779581789197444,32.49930090903437
31.157670882389198,68.55273061031211
49.33182703632817,73.25118235941639
10.599728660020823,36.30410392909539
47.555655337912384,36.29600261595406
50.94775503211634,56.160429706662924
53.62872476482248,32.19169385385666
26.5384735478108,42.6109569334652
53.37225105037212,66.53790434684022
34.378530952031866,61.064101467154444
37.812952515614995,79.70294512534385
60.768970787339974,52.56176221400312
80.21170585039616,40.83742996582722
50.7703813820402,50.768652674795305
37.74356812039652,47.741174908870484
52.83005671264998,47.95164336195297
64.08543736248718,49.642944378564
59.31496348809103,36.02349936730646
91.14669308695619,54.233266324559644
39.269936463579995,28.870050983621134
53.78347219878947,39.24760088137828
73.23376930127304,48.21681855290274
72.29238855527798,16.106700310166126
20.74883110213429,61.53487304517376
49.94963569940028,19.20268235228742
72.2678114877305,60.043815363472675
93.35964485598706,30.607860651077566
60.55693825626228,43.92621963944751
44.482050594552746,57.78695970424144
34.86195271343915,82.97209279219223
83.28115036296273,51.74677966561024
60.931123796986384,20.26060507700738
37.278996096718735,64.30542698953661
46.95265450499328,46.521223927114725
54.65279775243056,51.04859981688235
,58.36794544831422
36.50572013681315,16.61933064641429
40.78714372811761,50.09805271602794
25.2059815644056,43.854591650709565
65.59643434407172,68.32752359008279
44.875722998445255,60.906706450081145
56.99482473774938,25.594971158276792
71.3338776286449,68.93938778523572
53.29805213560918,56.74287632240317
48.30544286076398,26.791376038201726
52.90882215325901,50.836296552391595
50.947904057753405,65.52239170783783
68.69247496816917,31.78934191139909
54.66257596308185,70.66366003768125
41.833984706316315,27.310568388087113
65.71773585334626,38.13159235029523
68.45726534537528,35.85693746915462
29.925040597693048,70.65400597382992
72.99175827152158,42.63475795176205
55.470676598127284,32.55774496008503
,56.67816318371093
65.09936947394772,59.91771485889078
41.495354134935816,60.01304142191197
64.31246771286386,45.92991252160986
44.34836795393217,53.81801451555422
27.875739804344928,40.246503706560716
35.03365581339599,75.12202516903596
58.5053274935484,67.16307737986898
35.81797490008013,66.24435243561012
74.15114184784474,61.911739018603186
67.83925180159464,57.795999589925025
70.00158749049447,31.33456273775318
51.87167869516118,59.499518543834725
53.86792425942439,51.7139784509498
32.09432218633584,68.95046127426379
64.93675265236236,62.111287735736425
55.69750182555628,58.25570705229532
58.5095843793839,24.73662803704766
75.32467717179323,48.66499195087294
40.910555240787346,41.631616101445154
48.10787675184023,53.78548886274611
54.90006382313251,43.766775928360346
35.9684689181194,45.86081335860041
47.18601768084741,56.88550857360056
57.39424715700454,43.517928296468355
45.11868092940753,51.82387309361019
69.63484114593669,27.208821636885403
27.33613157274509,37.51397784859912
66.84156860350012,59.840653508044404
59.91778212224007,31.547118249552884
41.46757118665114,68.68587616404496
36.13387147655003,64.61599032951982
18.795760741363225,45.9765509699032
38.07237481379249,94.98101158253698
65.70764982504495,68.64655366772439
49.15871410581988,35.76080739941398
67.44471320587762,61.19261080550072
40.70193394063172,50.987945994796355
60.60659240159844,38.34931863710884
39.237520968733676,33.95136285250687
35.51637490685242,64.92340002332568
48.39309174243986,41.030818030637995
40.025502330200055,48.471854674444224
26.857667764441814,36.184611076602074
47.2652794892451,38.777630940521135
51.59653124646933,48.09606199892792
69.025379172441,55.82273439086227
64.0520851569959,11.17461254672827
68.29914798849248,50.253796987501254
60.805362475902626,38.808184811224464
54.98919138424962,71.03543980175337
31.565826402921612,94.14128969008155
52.24808296902912,44.61081447569427
58.95190665996221,24.166571589302084
71.86156924055655,51.7531545487785
60.2943281259772,46.91856005760192
68.60575151908132,79.57025973501936
34.52003162952141,74.99884015063314
45.103735607778574,62.98062455894846
56.44026070491906,41.19958878181013
67.41429036113843,60.16649849271205
47.821570312416206,53.97509538602456
48.7633106127627,53.61984804949086
60.30710459004468,26.626552271481945
33.11193759282314,65.9269300768047
74.11106824735144,51.61712492466852
36.81295860338473,48.487379786831376
21.221158646610455,40.99765257486759
50.15100512783871,38.095752505199336
75.47688053563348,54.75887871918473
58.796796955004154,23.762557972128768
61.2663581450545,61.842481394750635
50.620786434606714,34.18841844506472
47.71433754093235,19.11978970692062
26.826359456103265,77.3284297388903
16.109206131437205,37.12869425981632
52.94408507661295,39.167612577174566
69.6882379151034,67.01807496512112
55.16200557242098,77.81646350774962
59.3539929057802,27.004976320948547
73.75576318459309,35.65747909623996
54.93150277161587,36.75981766759105
48.160173495385706,64.02202494043482
37.722127915249025,74.586981918943
80.33318844458128,33.796211576328815
57.89821668730521,71.2211800695233
35.84597426121004,39.364488327069466
32.43248498298145,55.041843544183585
68.79595590393369,30.928194508582735
34.43837455387512,48.17104379627003
77.80751236253332,48.333309288909255
8.653058043639334,45.272625405270894
71.33892796684965,55.77456471979546
57.30342216742947,34.89453702721211
51.77891634585311,36.74415052719738
47.368123474373554,56.56808217424033
78.36094772891045,70.13052996463593
60.60588287601805,49.65779458928115
36.45194586656823,57.555061601932586
24.21635065956678,61.371200154460105
52.659458197209624,62.45757782950237
49.98393299693879,35.697129112450426
27.201979439367364,38.34484654692644
49.16909711776496,39.64888109084698
41.39098050388699,78.92950701340946
50.139351024600415,57.62289408757856
60.88885417472603,56.949735805775255
72.38914921196053,55.49353629775608
63.63333554553931,30.188098945707516
39.178388752546915,79.07285706165558
55.533726932437915,57.18781296180441
50.94660682238036,60.84740168982429
30.018065680536484,23.51718066626297
55.973491770384086,61.69465778542277
77.85008506876571,44.6568132480856
50.48639906280506,30.158255379106443
26.08725980411899,35.693545011923035
50.45403006662929,31.026586873199506
31.794317015401248,30.773237073280846
62.95408260329432,50.908217305463154
57.872974875876935,44.19855816902523
47.436349197878855,55.01104043242081
45.03253601216268,75.13963806602007
46.8164854757668,48.05744429558994
50.124117415134805,16.326660590623597
38.41647467987687,46.370626826782754
29.183703784978448,67.90091654596807
67.08048420041972,48.710907912547555
44.21898535254563,72.93995980537554
52.505646562537166,56.79412389706728
54.27922926751241,22.425953984039165
54.83030719482821,51.64373375657538
32.39273004352364,54.45501941397093
24.862397531722284,66.20533701910466
41.16961212962012,77.29454857417352
55.935672986254296,63.61588279563048
39.08075198788531,56.60719696080825
44.6761796945115,60.14282407367519
81.90946120624352,47.479897903256486
22.318641727931965,28.05683244788856
38.674490061342524,50.6224412933429
78.44906102860892,55.47935491188358
49.33101992007165,31.945135611321156
39.410222517516345,69.89932459249913
67.5315337551668,65.08116523223647
50.82845654721667,29.423578770681964
44.77537407433991,70.48748433184812
52.88553390556267,45.37528446185229
40.1283678592585,38.32262652322477
34.73763405667882,66.18916539119789
48.29604608547877,49.23418380859913
34.83504559885989,78.48777981255304
50.16039967694721,37.20667934169873
55.31609851211508,24.02513714041018
62.795906840774165,45.793425782507875
66.91887478275241,61.83833748590709
43.913952475516226,36.09285521696685
57.49121911908604,30.048494258001814
57.38785169309534,53.43391104054131
54.91728073723976,28.044691847487254
42.80810883574313,54.60039049420121
34.57898281303834,44.890654231577344
57.530028335998395,57.4169973252856
24.39706156710425,29.24256794113097
45.982408511475334,69.47244727165855
11.695534765271027,47.254482725094654
29.953963649626047,61.452840018572346
36.84299092328863,64.39813191927334
66.45086311443927,32.638325714510664
60.32162036606403,63.233862644121146
41.690979742366366,28.623998372835118
60.94054692694626,29.44793385860161
63.31434445070595,79.45998853982651
47.590027274379175,66.67780053194937
29.234327836794648,81.10496263150633
46.88131534900829,44.44678954088134
48.531613922417954,51.53642996117013
31.513184137546613,57.91032120128545
55.50570189394952,49.81706650109158
54.19717781453533,38.80795968956143
56.675640498412804,36.558729531799266
54.18384645751165,53.20793349243424
60.94764552672474,33.997102375065424
47.310079581904525,33.57704761449721
53.0267766105643,55.90358016731889
44.03389573631702,48.57260972771577
41.23251176567074,64.05809405872527
70.07374446143113,43.62632884875737
19.343469477102552,41.281160750366965
63.15139983731396,56.353300940532066
40.691886868315095,37.81962688169259
38.74942733535319,40.12808411664972
53.923662260981104,40.723184144308775
27.65585581473496,46.854468405566706
37.759653920806954,76.58654814943854
37.26290530230512,29.348167625642642
46.67902612722358,69.43261373176188
37.93793467758967,61.066801344348754
74.01678028458903,73.5046827105499
76.95524774746931,97.0502907248341
19.67009715877905,71.47179531181783
58.164840571486046,63.88500421861792
62.87995158616362,30.31255472562474
58.14477803586658,32.20666607733436
40.12829760362458,55.40285276547832
46.338566567621875,24.528857781206533
38.77588017833457,59.23158876936829
43.69603953261757,17.97617163858483
31.85052456999236,67.28350078346924
48.27816767548175,45.17449532099602
,51.89895418205283
46.99798168657794,38.77441555369276
31.271274663503533,21.522103846661416
53.10224542687106,68.52042918791392
39.80870658585664,70.0355209243207
54.35870521811806,44.727683521944535
66.22371092547174,59.928943471010115
73.84170404157062,44.13662869684394
12.079931164692645,54.32734766399369
37.48708859189326,61.38708798380165
45.45370884331979,58.326273868608105
56.90491727572225,70.11454420114018
25.24468243768206,57.78321013558003
35.268613897996765,50.42126925557893
51.95535803985665,38.57871548183867
51.27332362290001,42.82241929514119
55.66427609630139,62.15077095087524
56.65513590332174,27.47260221628822
55.07891649673794,66.58710955119194
52.90482974947239,45.782844109782005
50.83609659989552,37.72091143388165
59.97144634586544,33.519137348277994
16.410160001536624,60.115516784725806
73.16500230456852,49.78037969295023
16.93276923679514,73.83147834844729
33.81257274643262,31.053865242111183
46.59858805024783,41.327545654072054
60.08919336634764,48.6166826280888
5.070996638005752,38.72214884045099
49.57813514087248,50.09177996212704
61.88592559123602,54.792511496232784
64.91777174042716,57.2672635869461
39.54005512253812,72.59250696326691
45.48747069567452,30.447913568276295
40.757778066610584,55.06640479902966
44.10988019710874,40.2958577061775
34.52260173907348,56.45020070035377
36.66121756293623,56.46998279529571
56.51565383042552,35.19620925151503
51.97423059909113,36.482714860488684
57.3737976138571,57.674645952043626
53.21021584551255,50.351067661161956
60.56507901721393,46.705672389025935
63.17320997232492,59.869802446624604
23.87425070200844,60.97577713793198
37.185355243784564,42.05554830947446
46.52936063764942,37.2192029353625
49.65983711768988,31.07121534743537
39.9486413927295,50.50181180302228
63.68035506482458,28.65259584277153
79.69922552435898,51.49142687343551
52.79242933372601,68.25255187136659
51.26511548297317,44.69810344570574
62.74184382656497,41.95693579189754
22.01240367194846,79.96767160440717
50.42703410657616,72.64552728781469
64.68553738201275,38.531031941668786
40.35269004198332,52.085197715884625
31.601591301470517,54.93017363522124
47.21291584850333,53.05490634089267
49.08971850197119,77.22010171569181
36.37021577126812,51.3084483862913
81.44241914076426,53.558523134465254
42.819554284880816,60.329934427196235
32.695109728601466,67.848795740715
48.59568021394083,64.05348791456159
63.617909565567366,58.07127179467459
50.26121373497347,26.619502919091374
57.283908800660036,42.67793413912361
36.92734108500264,62.29131810807906
72.31532669605271,53.75598045918959
58.425665418776646,62.39192950734428
65.71552353316414,78.30749092506872
55.47740948712754,32.34555192411013
62.373260565931766,67.06865262206875
36.90421160484159,45.04454806259553
42.62884374965656,64.03024728912098
70.19720893334045,49.38168884947824
73.39612920925946,81.90506808339492
32.794016004213844,51.95130404392607
53.74604101795718,40.392286634660294
43.53584299272159,56.298119341876514
39.54452795952707,54.85914171077405
54.27259543033175,67.07145641165671
67.11444398548112,56.72079197907388
56.77493709926291,87.12596958753954
45.20731325121447,48.32893796896592
57.7229176990274,48.50570075329289
44.60035739628648,40.94170924920419
56.181714510959026,51.28502507531265
70.946985506836,53.465886816244314
18.842605110487586,54.21815794933816
61.9587844781005,51.00781513240999
26.91417617644297,40.85268174909052
68.42491565816692,36.775023078764676
40.44461585190709,44.372394127466656
31.73492933590274,67.12306490352671
60.42903840633121,70.35199528237219
55.46255094713616,48.845531953393476
35.01219645557513,35.87625550298863
31.205003642474093,48.78239584524813
47.18777768763076,81.37498152905118
31.93869574743205,64.98451752974931
34.07790540614559,58.26114037298821
51.734311856321504,64.44027375578854
35.51192548617355,73.1084991701197
56.398089350398145,32.70700697679321
,44.11940196954316
47.77166877649127,42.06917550744777
51.95226592978377,58.80671595606475
80.2714509925323,52.40166335959396
32.1859832393398,61.34466936034112
67.86852792771113,42.39668975199166
66.06286396868722,70.57928076018734
62.81476008760675,48.959994377760474
69.37621776098948,60.41818327937275
54.20862448937928,67.9310974838441
41.25605756601099,66.72686473242453
66.41859936830852,55.41242612602695
66.99263317569343,62.29020359573818
66.57970852239932,76.1249099595843
50.66753123478855,57.70401850962044
39.2570822958001,39.0553039690763
52.87043381167417,58.74576096445828
64.13345026351753,49.440781729706146
65.36527684789948,14.779982983934836
43.55485809388107,56.92997035554639
54.73059344191085,51.749759750234105
30.36832543271066,67.34626657246157
64.77425154508776,38.74859513767541
38.25036864912405,27.414355064310385
61.77883039357321,52.53021289115764
,55.702660814081696
65.47123859651012,51.40749418078353
54.82752785034155,50.310630255281055
38.27963456574581,33.969095686905106
60.37034571620788,47.916242945376155
41.14457462292004,44.773912557433775
61.243325561676926,66.0906311115116
45.88832786928918,55.689880460459214
24.184293115555057,45.83004317382208
35.26375639278594,75.85827314634149
43.54377936969073,45.96638485677486
70.52283535622867,58.36680085829245
63.517154457938375,47.49617999616076
74.35792118483212,74.46728772542006
74.80452824044787,51.302896637204164
41.97873793113628,51.74621341836011
47.17269710361756,47.901944618409296
43.83080113504192,52.947678890018224
39.92734092048385,67.99306757971864
22.377579359953124,62.68765767027032
49.778784229747366,50.421142716742565
30.716516094333343,75.51987659684981
49.48742177698509,63.09478462013854
81.73656214344477,43.42728321203976
42.35982355503937,29.29477469399093
52.92161008442101,43.77479297305145
63.59972578713925,56.20023167825379
54.204369379488604,58.9580055594714
54.387262819134435,70.38706524953028
44.5639634946788,33.581810373215
46.52183037408151,43.412669990797845
35.59984216718257,32.3353599518823
62.69067513334112,29.918011826308316
23.87762515078856,40.58271881070022
64.56632507573303,55.49918366441032
28.944524228821365,61.57091652335474
64.43910911114978,35.77468840067488
44.69273710681728,37.8608612091914
31.521969678003796,23.30265237014849
58.68947967619455,53.215283124154936
63.93151302613662,39.01791647043893
43.42882027844695,74.94547067317771
60.809158230183996,56.14713199474392
15.723732579959744,47.42831384814837
30.191055653800994,40.38331358683321
69.38613395703094,27.579946697086562
46.64496088703126,29.481923345818537
22.066800103267287,40.66788568141798
39.5170072933701,39.516456769635425
36.14899291212379,35.012422357310086
47.51057402790613,55.656420911635166
44.438735242885286,57.713983886222884
52.683975934072414,43.12051404047408
48.95800922581138,79.02728402397976
70.39608882555528,23.79905950225862
56.368228995795036,50.87245848458395
56.86507416790379,46.72129693868112
67.47735685841783,41.739486770491155
,39.53505730980411
31.071838349622723,49.895601756314626
68.10455486948374,46.61708259017407
52.037626221621686,44.12185209331161
52.09026811848393,30.51920547515938
40.50005117704646,25.728322732842514
40.74717000344634,45.67225287206652
62.70083508156265,43.968558432552044
64.76983697206416,47.04444709584759
61.757351086199876,48.37067303165737
61.894424081682125,42.162464871757734
58.535443058896384,46.813888642726916
51.97284095117235,37.19707537844758
47.36930473518529,72.85918713744925
68.1548577491233,38.00389777775047
44.39418694264349,44.435289358019894
55.54968820821121,39.14316816329179
37.9398050306863,38.891276896926456
40.11051444724325,50.3696234995692
46.4576814821416,48.46648685175482
37.94092434909255,43.10809414437185
61.9677773821745,45.747860126685325
29.77948622682456,39.20279673510095
51.488444350716094,56.025884565892405
51.987621452632716,80.8278911388607
22.838006325204788,36.877380841501726
43.38464269214587,55.90944835601907
53.83549307072214,50.67423435531065
56.43091989941102,60.02944637198885
46.93539187099751,60.451894407441074
60.153323067210735,53.081190458279906
48.36025614145939,49.4026913582735
50.20479368112585,43.483247005273306
53.774808034798305,38.52559470337047
63.90499443101253,48.54731508572323
39.86422996376702,30.731167528734794
42.69767191222554,41.092160148237966
39.96655262406178,66.60280436708854
45.017034257871,51.47768331619537
71.39351387119646,63.38996628403325
58.59087978994734,72.04465829987636
33.03365382246737,47.344558161277746
40.99329551616988,53.10988751290462
55.59150836414603,45.47231158770867
36.402383286008444,37.8109135928659
39.119899387778645,35.70547611001393
70.17439499261224,62.64725558894737
40.7993655729022,53.12940920728472
64.3200022404408,77.6990460812158
68.82984784296409,64.58078019385836
38.99806863246553,39.03180515695448
36.650561651642874,62.605132703401566
45.85801870278252,45.42386691346617
33.67058418989562,68.25289563693502
51.81550817754113,42.7049918413547
46.9152213221992,34.21361059635991
55.40870023829452,38.063673844078856
70.95415184349231,38.83002646377629
62.26227471155479,37.396223530720036
57.33859663118535,41.4108758659234
20.50927380548123,62.85037805487856
56.65063973153563,76.94066312399276
75.83941491056824,30.047157266697443
4.8421622552972465,68.95269564249725
60.34073814463438,42.83444426038357
47.60962137865304,55.218237968033506
37.25307495465583,25.18780954140054
62.0169287586793,57.860525260172835
75.64558850910996,19.92031404775906
61.628460932566306,54.70902608465248
44.432120731077106,53.858840705440045
35.847952633877654,52.86511451443201
52.169414506843154,38.97634774050606
63.09753938572382,58.24290011644466
44.19420460649408,55.86622264125076
45.64425512523805,46.8507082453832
92.33000374757597,60.07775460762791
66.17977918939589,48.56593780151742
67.25193017590448,57.93165738363143
28.09571140911782,48.11181008908865
39.39216981059809,53.250529866643106
51.12022459181359,58.62084411612893
34.98293663172276,44.031311395729475
74.00595948333941,31.49245120618707
71.15468459885969,54.14118508322232
41.996819939239195,67.84087067919396
76.75877909911227,54.48726459436169
49.936218549200866,54.77213472044559
88.84084576083573,49.367358402550394
52.17029195787555,61.08677979159801
58.642891254926326,47.21096875793094
70.99855161754337,43.191518283097075
69.16450024711713,66.57947379312299
57.660980992038404,42.041925225609766
47.88289520834246,63.342064196776235
57.711990499896785,66.58903192936563
37.75723742185828,58.50225398093092
52.28200578296174,31.26146720641051
33.360387012530076,50.407323638337466
23.28677539879548,46.97000004412074
50.756401462091645,42.5600111699703
68.93416836007509,52.14127381019641
63.88706962394089,61.53809521246322
48.77131556411587,43.121710098032025
76.20484547263244,47.429259885894886
41.4640791373014,46.38411599252019
21.23251007302965,67.45806568316468
17.268480586985568,46.1434907328412
32.28213589106424,31.483915133573817
62.249371148933434,26.398477415142292
40.4779597479892,55.440943498489546
56.91437962785953,38.58977390171147
74.69425075375966,60.03086757908717
,30.03170017239303
57.177495976938346,41.91631750084088
58.084446089835836,30.041467257197777
37.08893017290345,56.519160733233846
70.31316387867625,59.732713109369755
45.684394166757855,55.079377364549
44.24370528630486,33.710955193942354
81.67419827626959,38.81354383834001
57.84150113550077,53.514709829173306
63.879358245282475,24.68387887813454
70.32339397282757,46.38297583418146
40.24289000811174,72.75358030003822
68.74731645580519,47.30066676229438
42.47158827503495,27.671830414520727
41.83064915992554,40.88886128485797
45.920000415377956,40.539615114836366
40.66902747582568,82.10463169754843
62.33234648985744,74.98518620770844
54.00815982717584,60.96403151152367
42.63163378074331,44.853861038879025
60.11757549732233,68.00944491469585
45.87226343920481,32.99810541424312
45.07894444452985,66.14862972866389
50.730258273523155,63.919603061300656
56.951905334993256,47.729813980260786
55.847714740661296,67.08779470026158
44.551262266207544,43.29168305804225
62.706668111591036,31.023716028526497
46.66408773380516,64.66947519499882
40.175232670869214,48.721356062908114
27.97967526848973,59.02670904948002
64.74767721498532,77.31329887339109
50.18585114291011,39.166188914055546
53.16308537765772,47.84930742740037
65.68704373549274,73.54451756866571
42.83890652603276,60.03097596282925
29.38401127288807,39.50325883693105
51.04671053322828,35.67473444690782
54.61942328120443,42.07879039844981
46.057264007594405,38.92377942795682
72.10606367114254,53.560221792342965
12.707501484179652,51.176517607963994
66.80084956849674,54.18856631413027
61.86730475546339,37.38780797660326
56.85156166550689,48.93749138712117
-0.03852324203644031,19.16450339065675
69.25833174905402,52.1750947604205
34.60348834046172,67.63160967433798
42.3846203242492,28.628811359807294
,57.251423459711916
56.11127051977963,40.834784723591554
59.591420632888244,62.03751730540054
63.39260831478945,52.37971176818418
62.237802651177745,56.07056168990661
53.79390806319689,50.972358481331604
56.23883988586386,69.92497709576529
33.638694262666306,55.211157165426535
38.734597897714664,39.41864428996323
63.431903355122486,51.48072578481506
62.558142300930214,44.46678435550926
60.85699124666631,52.43599859779384
42.28374857515209,43.70345431449781
63.65738197915544,39.847838966805284
32.58133321279463,52.98908319122669
66.16039714793409,50.8368444292483
46.08693798131165,65.95933767568772
75.26255609510949,43.77566181300781
27.178368619017725,20.28719228757039
,44.54193802305031
44.578035062548075,25.603538616251345
44.307811159823835,56.23507961144864
52.92258228478396,24.891531074768185
39.543816307989545,35.17443406378848
48.915064980465395,44.564983125877056
38.935606020937186,73.15925907141718
39.484047035312194,33.906648264276235
57.30328925450858,50.186074747198795
36.47651757044726,58.69964865435888
38.47708647491777,72.26090829831045
29.408131253803866,61.666921275821146
42.44103980057991,66.40860427448698
69.67403044585883,62.96460588277312
37.310995398455475,31.86315542905791
39.02550102219138,55.3953815647557
52.908829197223035,62.72991428258334
44.438053493007104,35.652495654889705
83.42231650024475,41.30360184913966
47.562080529856146,37.952115573094154
55.028275193260576,61.589344789520496
64.15653177198983,48.96078319506302
63.86866798794276,45.18731158497354
53.49931372336069,30.774951250205184
47.583087699709985,48.98908620209311
80.36042804568885,41.48617467522877
48.503595870286,53.65009347896243
43.37464843357279,32.85549202031824
40.31226517558972,52.66859389259301
24.09795195939866,43.41573844251769
62.32423628355745,31.2605461139728
14.778974043487601,30.0907394318278
49.91415738642619,32.344694179659584
46.92709048592923,46.904014138391865
83.59947788347172,51.81493151545251
22.525231569295602,54.04735448565772
36.483450695234644,54.61329376592671
47.95855311977526,38.622151085312
47.037059937962475,65.87604362142764
41.75683113784933,43.36661710987771
48.78518135896749,56.752246400895984
31.10655906695388,47.53766849759275
55.35789318492409,55.634318475545626
15.177719868836327,46.78507900782629
49.61345966184114,55.904523148618495
40.9946495860464,49.88916695179515
65.24431914134954,62.20760855976033
76.32966605949957,37.71972435183203
45.034217468744636,23.451629961641324
70.86088893712146,35.39963870848855
45.25825579054384,66.0337762285705
35.508102153063646,47.681617701683905
76.1885544827843,51.38093443319843
57.8116466710101,34.19545078930419
50.066577839147214,50.983305877254175
60.30766212647973,34.657810338909556
54.11322552695251,36.86328087420868
48.96170888087723,43.962744757641794
30.103477590380052,56.676458867632185
45.941948942581,58.27771370963765
59.348831351877095,58.68567346906755
48.15842861469784,26.17873827433439
63.534886416955786,49.90003249414608
55.75482535800184,47.04827249925896
36.82795522871889,27.017263758778167
30.212420632518146,50.239756500832975
47.64232250104748,46.24359173844858
42.136573278431186,57.672885081768314
55.04482714432529,51.21870614359704
39.22793511855905,41.760192045751204
40.76911511367685,63.886436756854664
65.79604576392369,16.68149748837314
52.223044529418466,49.036023073555846
39.459094018590605,23.551236020120964
50.26462713102529,36.3171009319082
70.68366864502524,57.87220554514025
54.40680032412084,30.887037793387957
58.89426214137694,28.64423271944098
38.71648195208836,85.72917475123437
65.39629065701901,29.61066422869753
84.77153390695702,74.7578135463196
38.1279853623072,47.416967531311094
32.27159038442016,42.12756317841537
52.633133657527225,58.50179585882307
63.13257574766615,70.04891113316748
48.629154919246076,32.80898086837507
34.20190405936006,42.346253154072045
48.37123757329415,62.703046020263784
58.97138409166182,54.319914686405
43.89452259580911,66.52876745962074
59.10882526632383,57.72667931647669
67.47066177859865,77.12336013723723
53.603459386556715,52.678828982504754
49.58078343082561,53.32716722496443
62.44015887839423,54.82582058023698
37.158487588441545,47.86266722410163
35.679352494606164,62.72130738201387
46.00141572606522,53.55561835794539
42.621808177782995,61.82270013717716
37.94987037064287,64.1674978043624
77.45702712498161,56.42682022340491
82.57989814241438,57.525744863512955
44.69442436616627,34.84505318605199
51.37578424622548,41.74469618270268
47.18235769904314,62.65075179486097
66.61248860177234,71.3544677272777
69.58468342760071,20.893546617374597
23.3410430196553,41.48205279122878
57.14016200098438,50.35430903621975
30.39767988258277,36.810883068789835
76.37408236812917,37.662205337274756
56.60372045315597,57.123798106907074
37.64975692456046,73.7206395375715
46.3801791809322,19.522646655167886
45.665341126007625,47.44285776527455
57.87669414328724,56.949205126855816
65.62868906266218,61.70320958300363
32.77689062042435,54.78691014603558
77.58131751368171,76.42103824904173
74.08535161731265,50.43359889988691
36.87014648613432,69.67989185588146
51.09202691543464,40.30448494481046
75.66212816171475,50.86974419883275
68.49377880016225,31.80927386301724
44.94885454928156,63.51296660823491
62.215097218518096,48.193357060382354
94.95797437578707,55.367315937798466
51.57739972776818,45.299470530723895
40.51027622839971,58.79642752488524
52.58629778137099,55.961509607836284
53.69828143245977,35.080228550431904
42.13194891499853,35.948488511254844
56.62437601721325,49.58346904487972
31.183984104087482,59.89360936109986
40.01699199486981,77.94343329670771
61.373671642321966,54.54486284998593
,65.11297103732811
63.547513879921645,25.80723597853747
19.820279514414455,80.19433774150974
24.030131316855275,59.08529316693789
42.51531885416172,49.2559323326183
54.30295764229025,47.52955928813112
69.87895404691082,33.39200303211503
50.86434144739393,37.680698064197436
46.30169588636015,78.6565344820012
58.693718719772065,35.16493342570981
36.936517692980985,34.875983632004825
52.091227390196096,39.46669270886631
32.008306130669595,32.02728870558091
51.2388577531312,50.22959862268265
48.05245511225895,66.33365768997858
37.93598117825874,40.8426151059195
52.47560954806609,29.40013580358768
52.37824479739464,54.37791969521981
67.63181018508702,49.16338493480281
25.915498954058187,65.04086825122437
48.85926638454436,43.182375510465945
38.59606400444781,46.097648305599876
63.04643087264438,47.757044531850966
61.30868097788199,51.33506165830223
57.61819767602932,44.111574839636155
39.44250112895806,41.680338379309866
63.282058744101434,22.24433472677238
27.048036068850024,41.519191863198245
23.970339446108426,60.72834902122628
30.86193500147114,62.75368279053329
49.49787784509641,42.933304646130495
60.12746601482441,69.49228997272643
5.359512889857129,49.569438924494676
69.8411424781968,29.932304422760783
51.96668294267651,25.214239153186163
26.48341478615337,68.27386883929589
51.51420455434371,44.40494412108389
66.3878812201763,31.789032153911315
58.99161522959388,16.11085742846698
66.48609593830949,44.064258336872854
29.506300559043336,56.07126288494542
43.78992147292393,39.53463283930693
36.12961654214702,34.201322597991926
75.76370307566478,41.75936347089909
59.59044265229945,68.64788028717284
92.7051438343646,29.10527573487214
42.98585699874159,40.37448454366224
39.12988682476543,68.16136609426385
47.85760042107274,57.412644341356305
70.67535832133824,52.68691720668434
44.50820465936979,40.27330796875627
51.86656396860416,50.45757221750642
51.450360543302295,41.93256397320049
50.592451418032844,37.109208033938735
40.214023093062835,33.7991378704739
47.940633981344504,61.76143394558748
47.29846097972963,49.093908016757965
49.886530104880265,54.71770615704044
64.15275227229063,52.27509778702105
76.40942051936739,56.61378241712539
37.393478559954396,46.179218150211625
44.12009562818427,42.775138234181384
37.6248215239072,37.770795059133164
52.80652305833409,28.790462998893297
41.924758137335346,33.16950244065625
53.59695250612983,44.518734183496676
66.55440365667181,25.954407733467825
12.112524712930878,29.265711437959546
57.376698344010364,65.63209838952767
43.097194266531815,53.36269227280689
56.906334019765836,43.22244907694719
36.552958433746994,84.0736168835684
67.94391482460313,25.27625421930457
63.699209270604264,-62.0
58.525282228139645,48.32800875830876
61.898385767151474,61.77570534369218
38.8156929924174,51.63430575906211
40.70564367966065,21.91632406632114
61.286543012262186,51.43190701338243
38.48406285847082,55.03333781959397
71.6845256998713,17.120220522133792
45.14613393078453,79.16072440702848
57.52841584790933,54.66811391259158
81.48874278882636,60.07981610204743
39.40664968897885,32.51705915635532
51.031426262671744,60.35926283218427
65.81274746955961,66.34256689344583
64.26916083314796,53.803523422067684
45.08277034640963,49.85942662218853
42.24904343717219,36.59617812652375
46.502961011824226,46.75689623325011
71.71786649227046,42.31955728611079
45.813412154600805,58.579934560890266
51.17173538725198,37.25186112323896
43.598202936148624,58.46976082255336
60.583228471939805,37.41521655905515
52.33287556375485,46.064711687599726
,59.24066595519225
35.46763828947508,39.443049200209344
20.020916501667397,59.75804733466403
37.53017886311576,58.29491236507052
61.90918705448259,45.93573989934585
69.85640807018402,67.42674802033685
60.28337544825776,51.16676512965672
58.319483009610224,66.53414789878025
48.10210925707025,76.90197387315769
61.6237183237098,46.38048467448033
54.29417334622826,59.67432476041095
77.06673457980688,40.43648112015687
48.523320287348774,34.50778385737703
70.14512125604196,47.068105139203574
63.111711227267904,29.560995803758054
61.03164929306238,35.93588330529035
19.827630118072697,58.871488989816015
63.93784342321566,42.29526476826742
48.0873803163627,60.65771130682792
43.341102583476626,54.491179070262305
27.7563043823313,77.76731093028673
49.916192990477256,57.86505928364069
50.50327395227364,66.71327105418972
30.45497117277793,56.0282699469132
27.90079740659462,54.67090251617109
57.299292201921666,67.47099563169972
63.07557696592065,60.031961987978974
52.854243648836324,53.15095419436142
67.26251974526545,53.08481998894577
48.704225234727524,58.073439677456236
49.18473088399696,39.929397208101726
36.24457956888814,39.293008007919525
26.59637033669424,71.38108898559398
77.81993200789377,77.96620495789996
66.9694857537462,36.066763123847515
29.112311492922824,39.96508351340444
52.336278617469205,67.13784229256217
48.499305333445,58.002799897135944
45.89011290255435,60.14642157981383
43.86473228277591,63.44901942279586
55.71903720451968,46.38901757383886
62.272632882072116,54.949548874852795
56.03586753542308,53.78288226047138
48.19222438431209,37.12262599631809
47.6415992466332,54.72636414823556
64.05221475384,68.56566044224502
56.95167407174093,44.98800141734958
51.0903419455315,52.28853873111401
49.46148053599838,53.10063374016284
55.17905764418433,45.73003174347094
42.97476967160826,60.15351856541537
62.323082259623156,39.799015531175186
33.862121572432,69.98968278043901
43.82815235350277,59.39308342448368
59.166591431690364,35.94847098990658
33.0067577996859,75.47014527329381
,52.52152191892393
50.946165131438605,39.15578724147423
24.55312768330294,66.56831787486787
30.51794668922208,57.42007279172037
61.348911777596484,23.420604436489427
46.928221135913965,42.115095241342196
69.28230424563478,54.186460058323156
31.927784885938173,17.60649983536012
48.590714515515735,51.27605128081091
55.99376829811639,52.3696905905789
32.44227604806637,32.24762176436266
65.47642856749437,54.05967329389945
57.66018324749058,50.111957586875505
25.86069369968849,32.13058841172478
49.43387305687099,63.79340820294237
55.78935104387949,62.567806921517075
41.14914989707914,45.65394369721458
27.80202641736779,47.021280149122646
54.17688184171115,60.89395906393018
83.16864425423842,46.9900528533229
44.195238512634646,21.03637699219768
73.53861771927063,57.30404836099891
38.715667673577975,37.80111018892237
53.23318452514928,44.152354183736094
61.572837963141794,71.86805851927214
49.873795010429525,47.990322889868025
45.533965266781536,50.0260240381081
60.891912820255605,57.64500913195396
78.3718267290383,57.580009158110485
54.50880386958697,36.21203348933325
42.25909735204479,49.09552226698438
47.153726641104754,50.54228791888741
87.79561468468061,54.0804034494324
52.023606745071916,54.33832911374929
41.08379452133041,88.81161843166186
32.8239812527619,32.36210344119133
22.611483588310914,64.70137430296934
55.45376410769285,67.75063708749589
59.81962989236756,57.39175960885291
44.0495573005219,40.24526907690388
49.77544372953569,74.97002045401439
32.44307436067064,17.12025702889703
51.99392697241252,39.750999541732604
,67.57523295834217
41.97253599248543,44.44832594866223
75.3567900437876,73.94696787200279
37.443405098796326,27.322928829823994
54.25214906028474,33.31847159077988
62.72475829556908,42.02542744809538
48.84065749775926,56.26098916304793
47.17284771658263,46.669697744299654
28.567007743255065,42.64401121156369
70.36012243574424,71.30594646647786
47.45160197498606,72.70167463083726
58.06048137402237,43.784303514386664
60.09080731790211,24.353482890055062
40.575522619733704,17.637742562189302
47.037070935631775,53.58935172170534
70.01723526115256,59.83933433328196
33.24203501389333,50.94496678367819
81.91877112135884,48.93637839378862
38.82690822085589,37.93186077958876
32.30723815039232,59.82469690870757
51.98463531032802,75.17278068348365
83.12522396509806,16.74683483996666
21.335510966116924,48.83748216818427
47.88476422265462,35.444774758795994
57.143975258848336,27.643010089192227
50.50474937803297,33.05036193823376
55.728825050045145,55.69509283526607
39.22950376741589,56.07443296386749
41.004172311029286,71.904316417622
47.773660292612,50.13172320718192
33.05167868145873,23.62667555195632
49.329703978397156,46.42745686436042
44.16882059492748,29.204313916763244
42.94932222267697,31.898061703669924
54.807596188979566,58.70838587609743
22.690107602010443,52.9127135839163
46.563648449252696,58.81348393152996
84.76030648422292,44.63760729092408
33.708354705115624,61.857943451380336
69.2825074472662,43.79895652564833
50.81984181369048,66.7502424911337
40.95563286677873,55.16958409207314
30.1903751070529,46.89504694273074
52.09522947927848,53.18139566264145
71.80095658722014,-65.0
44.161832822048545,73.94159772969385
48.7855786289484,53.68156433868184
65.15556275285498,49.975809914082376
55.113061870194215,46.42263714423801
26.41586330413132,62.647763288675165
51.48330823782776,60.61870008580257
72.68352365998398,45.89237554531058
49.44588220298753,32.665377280657864
8.877658557839347,36.4704779243247
55.823224873866096,47.23756190686706
47.02315340683946,70.23391259178625
22.56358379118175,46.247350561296294
,41.08814585051653
64.62660714933213,23.589210301270306
39.0142588160738,72.70312153403445
36.38755428896012,58.5354221897219
49.465421586024966,61.94014955008787
40.33695502520092,64.42532077894063
51.500729416666175,47.52904656861555
46.959199558449946,51.26885950621303
32.00006629859536,72.32902912927992
42.33203302157923,52.69371333978705
56.641299819636565,58.81287935095992
50.62877060357938,63.05826075800767
48.770862764122526,59.643969986339656
79.06076361769077,48.07746244600259
60.96556288078303,49.4917423577912
62.78661897232014,61.66460656963913
47.51047388307613,61.6400428990209
53.30217785526912,67.52348898529192
43.53350015711461,58.26645474964758
61.66324648286192,58.94908420388082
48.34400143851435,43.30649949823329
53.33566623395835,41.282757333921474
52.409169532327525,61.70946011527242
49.72749677891818,41.387223979754374
94.07282100733656,49.68948495324707
40.00071083757916,70.68534861456936
39.86432704761961,68.30855438517634
60.41145120217635,54.52683246195775
41.07246501387231,45.557906302494345
45.628904579766605,48.14931634484743
33.70383569966573,63.01490211583422
57.3733687910388,49.45251083830752
57.563858667262274,41.62576410484604
45.272119101148334,68.2366213461196
60.72225032720109,52.724002086939215
22.128124793996125,41.341162685123805
39.397198977284845,57.18410283398946
47.45031220683604,64.56827619788763
32.41576254645571,34.88490402818359
23.769304438719168,46.993191299705984
45.38156052442329,-74.0
60.410301305911126,56.78430748675215
69.23162587139768,59.48012484289787
41.79068175191941,41.727891330807715
60.9982375643239,27.608732361409626
59.54813057113501,65.47698131899101
68.27912261501746,33.2008209413418
44.74713454468998,54.067763075658156
23.022492572229886,48.020286519039765
51.05278778634117,52.43665857806113
34.793093885454155,74.76850957560288
39.14742336406989,95.57422420432744
45.48171283920227,25.498438829020873
44.91608552976285,64.75859232999386
52.12338900343692,47.65628340983531
60.547344746294264,65.71781770568829
44.483966250860504,64.35894614268746
55.93546259912007,71.14617210797245
50.22224014895758,54.27447372744046
64.03241593817668,36.656352725674644
47.17112223340525,63.9147423306443
48.816099863381666,51.76996364216097
44.3839932800164,46.492351772988016
47.56627190062257,42.856641789425574
38.24767807481189,65.09503353657693
36.7610407078473,74.05054238011066
61.63648077924088,32.06971161950548
,59.32928363718396
45.21322865453145,44.41419221866032
65.23014179406495,27.990914027118297
44.709488074945895,52.21558731144512
62.431106805283626,37.50293329715659
41.134314189097374,26.333701582997037
34.23254590474709,38.27389291663198
26.07761217648769,34.5833912312922
69.69086103908992,40.29969720404913
32.94693227548377,30.111738845694664
61.2077988518764,44.072898370606794
35.00079459809926,39.30126307874041
69.76075876909732,55.63420815718486
83.1017408692265,58.903084795974735
24.70204910464495,53.90222865167663
33.72865348761779,46.46833313189737
61.59697795704837,46.06358606461528
57.69564385048722,37.44387518882952
61.65382782140287,37.805080108850944
41.39366674393436,60.55405802118104
79.81301241535051,23.604461020243036
51.770742000346615,48.78912592530586
,45.147064076581984
46.202772499355824,58.98698152062339
31.94649655656751,28.62482024866474
73.86412037831158,50.18721058228909
40.095031057998256,55.1447651203866
57.38725227116933,21.429031720640076
42.939902825267296,33.88508040707394
40.7691903535623,48.62315229780813
21.34618728078424,57.712203614514564
58.972619044858504,52.7374896666905
69.48771878943776,58.406813794247114
36.26048627952272,33.80941231039018
26.821563275019933,26.1687447540796
62.04974064106744,51.26758708635184
25.306379763406234,31.55970142678828
68.29299403922388,37.02016510928296
36.43407315568069,63.9841753223956
33.450608857630606,52.83649335150277
53.72693631696937,41.477826421168785
34.427910724828436,39.52952743038555
39.393333780601864,59.31382335333747
55.309728990065096,53.17956403474975
13.563314942500305,31.781650365159635
74.63628868892484,20.78264400348579
50.654601986986066,78.22702748960225
30.60550981394708,31.66281162023663
34.741319460697376,57.91544754950184
64.87469567391203,72.66039398507262
59.01579402611155,52.21396353249733
70.80170985927816,40.99344985299193
39.758857327936475,28.60926437456432
54.44875755726204,28.399841955199545
56.39851867675517,55.65042273014579
60.429012503783554,71.76464484424977
66.90921685148103,44.06811354943206
39.241041412334795,41.66419306775954
48.28744598359279,60.4622163621678
40.847753816297825,39.7107911914288
49.21082189965436,54.117243614426314
60.47649173094463,50.62702175128269
25.189467496089463,43.857979121329166
66.64057354188928,49.766927618952195
32.91226813604376,76.44728171974968
45.38944520454153,59.06799416151434
68.65912887449187,66.38751206383968
54.92014576975108,36.21958458619908
55.092949223954896,66.43904221411361
32.29060932057334,59.58530713203477
34.33871096264239,27.506058551609485
64.11884595003379,58.0968610005665
41.162846817734156,42.30088794807984
42.57632190050226,26.812944855115756
64.45926876582068,51.946635984914295
34.25129681945709,58.085638865939146
54.03852699329387,52.27412102966844
50.64360989251537,48.36292122731367
49.959714112051365,45.04121992312502
42.22346552183744,86.99882014012334
41.30217227805007,32.26145917207031
33.82453754307702,63.09382973535805
57.2399753906196,50.23134456333476
39.97776212724896,37.183002405994515
64.53116931750877,49.27401424057132
46.631674376140204,29.106010436170738
34.12324265868443,41.0676438978972
46.43279176777369,49.295985112465914
43.83714201295288,26.73324412101305
65.13655117592079,57.595738077320874
44.46499716122702,35.54358438632701
45.85684428199511,28.224185629796715
71.17320058238653,33.79373396257444
57.62400982195023,82.6393124275323
74.94059024005244,20.3290378719674
68.88567506095858,56.54184633154686
36.692561174557184,38.7254559347107
64.84926281600161,44.748077427236574
72.87954938111886,59.05896393020499
72.99219698485129,58.322280722583805
64.82143975365031,39.78955371257314
64.51284492363763,29.63263990050059
45.46008434486676,59.33211460550959
37.43926873475638,58.28565789514016
44.71674021653815,45.725457368177175
25.028164978508556,56.629165757125676
70.14192973132558,43.31255778536697
45.75060560873432,37.594436524478176
69.3699609359744,50.059432716816126
31.527506341676006,57.78549111637276
66.23937381503316,54.638754043286504
42.576790127310204,57.637440201150085
30.73445887536239,38.59131690066311
74.40677078239636,73.72821687137379
66.60967504011161,44.86428716992063
53.17688630278676,48.21626522785113
50.50906827702445,30.220161361731982
56.592650282286776,47.09217265554074
52.919428668761164,57.98356605277276
38.11586068742793,61.43765919038997
43.81921595322617,73.42911105780173
79.41076748058055,57.80352343738191
,54.15369793699555
73.44002757846025,43.30557332728521
57.17335910243935,40.0738938765049
44.933764509470976,64.55372772002234
38.02721159154551,64.26605527608363
39.015763843546964,33.84480948726841
41.700985119698586,60.84643830730222
,59.755755370937635
77.09423444573898,33.29286672478709
61.194175849030906,58.10685207183765
35.59080235380761,34.25680310777289
63.395838900665545,13.560605484897671
46.42074457234092,47.598463794619256
17.704858420338176,53.867220578824835
54.30650956101889,48.273937926753305
37.371304387489175,-98.0
37.87919856364944,55.68276843852462
46.243880096479884,52.2071272894805
42.525155405863806,56.443869549711366
49.48614771343988,43.38021493399854
48.76504174974192,63.94218593140308
21.86286360728553,55.415029192656526
72.8041698332425,54.727575558387365
35.249349155769806,40.638196656995916
35.714024223042905,26.5350451032636
45.07170122314554,42.47920866384064
48.37497728946059,54.23950784389839
71.88469725247758,43.329507803825805
54.04135178082352,54.37590750601056
58.49698226164301,46.51457184715542
54.11804281374923,56.45869226939785
53.471923737481596,35.34763811187029
54.64594254630513,52.89335017827622
21.008987861465922,40.385687804729045
46.25122272740707,26.925755868040458
67.43391665856736,47.522688154574375
109.13496516210029,73.04476360727071
31.93536601190735,28.121353882310263
56.34619940486529,51.79088375591299
41.434301331884875,61.963655948963364
80.71477855845274,84.50046027716678
29.69325858812778,42.606005263299686
59.374092354738195,40.51999093093531
28.89183350743715,32.49961706091101
45.22149997908751,67.1077450226933
49.48530003875287,36.98878506141387
66.04537522609411,44.441053523369746
33.84249760762208,22.265931839431172
59.95074573271078,63.25957764017789
50.2816658508192,67.3738742116704
54.09190079428969,62.68662595376548
64.37499072027711,25.92012077969423
30.761649604920684,59.1072656116896
62.15892459722888,24.909944229139985
41.466427203658625,50.870604530963604
66.43810182465239,-74.0
55.0183645180682,54.65274827162398
46.857074277244166,58.01954798956203
41.14961046363768,49.879495946610916
62.34942491532996,20.56355730907171
68.91427528221391,58.02681513199298
42.00722688709723,51.464122116916215
33.004901513279044,36.4607031294315
60.413165644178385,26.45903868295087
28.272035869494495,73.10033278886539
30.417313436255426,68.46950807436025
34.05949586708151,60.589361109611815
43.76824275441876,39.85550133147945
29.955021661768324,12.245066716827239
20.918001359276335,61.470187631528525
32.96833708494315,55.500301607826124
59.63711669858928,44.38006536391735
30.92683891809849,66.87209460046815
44.89595483068745,62.71996300944275
79.20047693548344,52.641432323462745
49.262388049593646,50.52587626806671
55.1379648459439,50.76451576399522
35.8093997262267,60.19909809252119
82.45212280550213,37.13785480185518
41.88058266292357,56.38974682677555
46.57842973322725,36.19113583295614
69.75588016951048,70.04832757628351
47.273986327195715,57.98192857362852
50.71833174012822,39.67657607541606
45.77467518816306,-62.0
45.87751432914159,37.19320429957939
55.55753016242137,72.56169256551195
58.294147837971586,74.34313976706814
40.35127353181149,60.44335523844272
38.508793157796056,73.34984851481866
40.86295866713655,52.276939233087504
28.981189787003476,61.45268850762196
26.14354612221054,68.37086782864634
54.45750720837361,49.91384606726125
64.07893704762668,51.06655785976018
63.06567939717826,64.00484902143346
14.270130902950122,59.6974694839399
46.32402369435109,38.66808919698421
,17.197559430927967
52.156061567312854,47.36707906104428
43.73264721785928,18.546287311622315
58.87867859366882,35.13473995841677
49.71270364397988,36.88569564199423
21.55997157623166,41.4703653358981
35.49371190800689,62.30657216245312
50.086776722399804,65.56519311095391
51.35165643846629,57.63111079710811
28.914847884439972,59.48760464092708
26.953104446808172,59.84180684552969
50.84368006359768,12.547550131686137
28.944990409242088,50.152965230106744
24.970558602488214,23.053119182449922
43.32289231052987,57.63709213507311
42.673308629920236,18.603377790204547
36.82399283991048,47.29342196973951
39.44394564912556,58.2165466402938
50.20753584833592,33.23363077525532
39.197556444802714,64.4257394076983
51.060455324972594,57.5993325492762
44.29297195823998,55.712370437568644
52.51475233079984,60.47002381265798
63.173083481549675,44.61199868350016
62.58871768085893,52.27878295635213
69.32315706599125,50.150773583512986
62.572203453457405,49.81176583075783
53.578362973127064,39.919533850293845
,31.362018279159415
44.183586157756636,44.94712476065787
36.83334040346284,44.120781392085995
50.06793936577337,38.94903518724665
60.46081218067902,62.78080672715036
39.114985956754694,32.41690073216581
49.44173212004339,47.42736261663138
39.839566569173456,67.49509567341877
53.14031495281422,63.63694028899329
41.75924924075075,68.24440827645924
38.90734143058921,41.1382913393866
39.80049957601962,61.76432188591561
57.5499316076835,34.055444045328024
48.548758920044676,45.8618906627519
43.57367404999946,47.273662838297106
53.92106753820816,41.36239681702985
43.78225673798524,44.57279017873212
66.89776840528555,42.59936108753971
35.39200769460115,35.26409283347457
47.19542730774077,62.84620259008687
28.92852167499499,47.26324995688596
44.79688412164859,53.02154815875929
24.805467534400552,52.45665306789282
61.194747838386895,50.820896376650325
61.49755650508368,51.39206819084643
61.76255260586714,45.41874169953468
50.43308720261702,71.27595302772295
36.80194392934862,61.41117142453038
37.99489051946075,50.2757304915653
72.95258082830782,43.29418346050905
71.53515655699695,48.217687359063795
51.83832735426157,56.26432274557619
42.26548948879509,72.49910138804468
70.52935134047766,29.404286830024333
39.58245257922785,59.896621379626666
53.43273812143861,66.90085455167952
70.27935958097687,27.699222951421522
37.45492250503058,47.282736849030876
62.43835378455668,34.03223040375441
57.80841193765805,56.45794417515552
49.407251866526586,44.624736014666716
35.09849601300326,48.047913996798115
39.13340359845086,43.83416289082289
54.34176609275988,60.802451491524025
28.6499480767792,53.435494408972076
51.96115788527375,53.46390146059483
,52.4093273762218
64.77830259213651,58.58736320678206
29.02464388309666,46.07042217715515
69.7437094574191,75.5116218131139
75.43045241269903,31.478078731722206
56.15227351570391,24.111223277455267
34.4292712786301,22.8697914708714
45.07836067459638,18.806178210613464
49.28604132322239,60.09754722230378
54.05695263095835,58.270515489239614
50.329723289654034,68.11664737663392
54.21747714341925,34.150426779417174
48.638798639913155,61.18192182118251
53.97660641768365,50.85236093223959
43.092148682580294,52.49879748733789
44.92719924526297,59.384343430244115
41.35962244284998,38.655773734063345
78.75889301756108,88.80873703106731
71.95851179261484,69.97820456413031
58.329412850204235,42.024410690069594
69.87963495901607,33.638929134149784
61.97692008466824,48.681437572929624
52.719067392710826,52.73387665373063
27.416429884704748,65.98422889562465
46.067541198122896,32.46918632647511
44.974431619724726,54.28230414798749
33.00387240361765,27.064774633778164
27.70756588090076,56.54536390116678
57.39079019850538,48.38743669312924
54.86756483556219,79.05019643428645
32.489045298985815,26.809961836704844
38.81182240345716,70.55912572235158
67.41833409731245,24.442529972506723
36.83455229725159,30.091845883902437
52.56198355900703,24.843581622917522
47.153325506480286,53.75528912676581
57.59545206593094,32.394517838694
37.15838521015355,29.77502742079193
,53.04151402435071
52.53083866018816,56.77663078812036
53.45271209343829,50.59773956225489
51.1861078694392,47.56671276467671
55.16913980891165,77.43364448655768
82.87655498076217,52.18754399362955
88.41946665156658,62.08537210883374
40.411757888199176,52.14383188534938
15.22635529471252,33.53185567617974
58.93242951082961,58.24831522853025
52.793786898518995,40.16304032795311
65.9156278877537,48.63520792941146
54.27328849572976,54.58104022840139
50.87905909288579,20.878728996700357
,25.857468141624068
69.03170882620762,63.64188758746345
29.201599118285024,40.04380330101584
37.75090719290625,40.75517016336708
48.416105610669824,52.4965759605623
51.47656435886876,44.21491104317196
46.61025194971627,56.26382572464184
56.51310766792829,49.23317316900434
64.9415718397565,52.97904425270673
75.84064566081092,39.47212414636621
58.68369535659349,52.903922349213914
37.214994823203355,66.57633630253166
47.78935662203273,41.48377675828702
48.86971638110665,63.72977450408227
57.71960359971739,49.22659522516026
55.82252050150913,61.01722483966907
80.75594976667264,51.931569775296666
43.07730297117637,49.4988361985311
55.771258006502045,55.24594523114549
85.32067096616137,68.20396343453373
41.22189654644598,53.541459413226136
52.17723044255533,57.17796246362596
35.82679248313977,44.47272629634948
51.23130349441147,73.56329710992539
38.29674277793538,59.60505666394508
65.70201355237019,51.165626900375095
52.20978288547093,48.16019491617988
35.9690411002656,64.66862403909666
62.608515466875076,40.906938844321104
52.69499058307381,23.256874755930006
64.29228165835183,51.08599399136683
32.78506058078377,67.85006859671515
55.53236618372992,73.8696321677701
61.60012541967063,48.390590848491804
43.649337646463955,50.65381495912675
31.114959095477733,57.792956487739325
49.37588756944409,46.03475871704352
68.42172940671392,57.74608922586723
66.88895495951084,48.71897373397598
43.57357347866635,65.1705238578527
30.75371845435336,60.84470769646735
43.53230419475641,62.15341748453649
42.972835239021315,46.92023532796868
56.69670174957166,78.88890980753392
48.42497745643818,57.258679135692084
38.70103682394287,53.70941080230247
,38.58585529149543
52.106388011672514,48.54392269777169
56.53123479096411,51.715696410539536
24.125218488030992,38.184840553635496
13.636026939540713,45.61524281346368
28.43681327833388,47.51299972845485
42.79184861589837,50.83880991384827
58.645340264207135,23.559395149375938
14.866296943890532,47.970941889436034
73.89278096557982,44.33980725380103
52.55849040155189,49.6867377556265
70.40442489424865,65.52914849270384
36.71044876288807,80.78593238181809
57.55789901258736,60.17565799466941
51.277938949561815,31.483667419004956
62.26529469581831,44.81889572251198
46.49312948600424,58.93944963246637
57.09822813511383,57.24935744643535
66.532929781568,64.80988603179611
40.232355591623374,48.53973508564106
53.63366348734475,44.54749633451742
21.682066441664773,76.28636005874058
60.537545285950365,50.88005905054457
79.31993815193735,34.74988435968328
31.33345928376957,72.12700485549382
48.62928109358085,27.558567629083328
63.207219513711706,-2.4256783373290816
50.471262101998256,61.54080137056361
52.476493272398386,63.66051456536947
44.13500837714542,56.21019412917036
43.577716203681284,30.46315874011925
48.69958769621933,49.116952171365185
50.625071332090336,45.827471396691934
32.27838107634035,41.94066483661416
49.00967021080957,71.18104146213919
73.52800908063989,34.30000912052466
43.71299309616643,54.741566796596
31.441175256880584,67.91070475493862
47.7287589802036,55.72162287978557
39.28080781813555,68.61677558743061
29.92487262017091,58.45572083643394
52.087526925989316,56.44024505738043
39.34576944273383,55.5025230324822
40.62928749720088,59.20164899975225
52.30141070578083,44.216913538816094
27.002381069564983,30.471892221908202
23.876455246233128,64.31065117194964
60.06308291752897,67.4261345075865
21.037495989138755,53.77968216359066
35.34983457038968,41.77436570548445
23.002406969173435,26.63424325205543
42.70795299726751,51.28710649885082
56.42088121476748,29.765744829230428
51.68506923098565,27.665187460431117
85.87810084185926,49.68902707976461
66.30373426683501,38.54345748217978
36.03263224765098,55.17964334247156
32.04417492760384,47.610565961571886
90.60031911463253,40.90048150666085
,24.426273789065515
58.84054410904358,37.20667811254464
51.12277718323427,37.757952649233644
54.102823512125255,31.62038489727557
27.76890086776361,45.064335571364225
52.35558755295152,32.791220132380225
51.06847096188522,47.543858790631774
36.4379173534778,53.60616820502984
41.92210319647282,37.60745068416233
72.72764590165333,56.38112944127877
48.12237619557706,29.579631931284446
81.06756953799666,33.31733902405564
23.88980845268925,48.30174053562846
42.168047206613785,60.305616378329574
26.790821731296216,63.010993122338995
31.858663191622483,74.18585933236339
37.576914415110544,44.35116687773735
,48.08748021982543
54.002392566205806,34.509867064730194
39.81064520558592,31.193505020134655
16.58300663995127,53.428581294912874
72.16539309548229,38.36192750830636
45.71352925945466,68.48568800025936
33.25564744548291,28.064214021989137
54.12396171605131,57.29529808737045
53.06667755784761,34.91391141774456
45.15985302500052,37.69327299841875
52.22796523462257,58.086680978780464
32.67455239387972,39.86179345838138
61.39869264764725,42.2632389872015
35.04699357864695,37.81762454672647
40.91645517044852,76.77544687420162
59.73202724227363,40.73770533379985
68.05938447515351,50.77328326149145
73.78661852069507,-89.0
65.83697357699857,53.321255925863916
45.13891724297327,40.77894579551097
26.88450396349306,46.98774148187525
71.0758337840434,55.909280134909025
70.56043983357463,37.05489292995512
39.92035769969756,66.33982034942231
63.817835567368405,67.78220778562448
45.01733309103892,59.09738939238109
72.51915325267593,51.04814575394725
42.27703006394327,5.1409782769319605
79.67976931322755,56.36436698981694
61.79180821397368,44.13004392156704
76.9631726702898,46.3058838287369
43.04304095525181,21.53934004215775
56.0754440666629,57.403827288112886
35.460812024834524,28.271284297595685
62.65983878178795,51.776368189870915
63.48562299255687,63.569862228647615
85.95535877301779,42.96007728023672
57.23059695829474,68.2407758784266
60.8614130375914,38.7951443268923
42.937544352443275,59.00649615096503
58.12069058952858,30.42821372812209
44.30163186968625,65.46695652020784
51.737911382629996,63.13985573868935
52.61773492318693,57.02536884445595
44.71542689976244,44.10073795079283
50.9441764481299,28.96999064857832
44.37057245429869,44.14039527170814
44.30403312449241,66.65460763622184
66.14996977253408,51.94942807353673
52.63120462739617,26.704446057313255
55.20599408300416,33.12908540870088
28.140428465216964,68.7972710127842
56.35187497745585,57.318691281918284
57.95635195962857,31.489998188901083
44.02492065966871,23.512527557381098
81.27544514391037,40.624367980999004
15.66159103723902,22.22961938015121
61.76550703655819,47.66248264989499
60.69207207432293,86.77438057754456
58.123743979991175,26.045658864512422
52.643190584579344,47.20961505190677
58.26018983937556,69.67889862996876
63.02263219333841,61.23631787450143
39.11168624252009,47.76888927801293
54.48793433270134,47.80476994747704
47.25024736965044,32.66135326363131
33.59347399661737,45.9851634499167
60.757549619199345,53.65161071360195
41.5345936297395,66.57670314911135
27.532119878307995,40.69736564727866
41.91334008947527,47.152473079048065
38.01651652860304,35.761797788649766
65.42718513785165,53.37987769310758
52.29789710837117,61.75669175463445
70.7357411853491,59.44472020144842
40.00165653150431,32.44719386836467
63.11254807844749,52.20294814184622
92.5943437221187,39.84031207624717
55.340487006907104,65.1657502347925
62.92473293484729,47.58030915839693
,27.207299926383733
28.6688700886126,46.702959415884
58.78725946201176,56.87708853798322
54.59684480974353,53.660090947141995
46.10378924902536,42.323059795220296
,41.220899151932805
60.40974860490556,35.187434026755255
35.41394390584068,44.078755694970404
82.00468407022845,37.16481550211296
51.712536252321925,64.55128979265972
31.650394283202445,36.48293913902576
42.290055825074916,51.834266935433014
45.82798492565274,50.81455854989499
86.18564980885769,64.18501171827367
36.73116579785756,66.34052433437556
48.25674105122919,60.43954914921993
41.93257445202467,55.29392514935195
57.48887728372497,34.27030780858913
42.17174879442433,33.966948683926134
32.91415000790434,37.31463770352576
47.07058130305702,61.27881499441873
45.50909235001635,51.09994892375954
41.1163343356398,63.02985861103344
41.917844616543235,65.04204101480124
67.77043696821505,39.110721495511285
45.20389678598744,50.48111491335781
32.988085062823515,49.805094819746145
43.068260543002154,45.08318465563677
50.815034891980886,41.977357182129325
29.95595545172969,67.77133255116586
74.38966940009598,50.77957590073251
63.01369216259408,50.19717182839652
71.45259115428169,37.958334876971065
55.88192188231524,60.12818645620257
18.594538248048494,34.92338748742978
73.0300057495777,56.823582932670234
37.04647460435161,57.23344040082743
38.267198839968515,43.81227426014647
52.34487715933165,54.7647812177477
70.67344770005224,52.78504338566731
65.799307009286,49.409590627847756
63.59421680264031,50.19415970217849
45.3225942068817,50.92672734790282
45.08588710861832,51.94867509008072
55.189155019701,-85.0
48.04893738074701,33.442037146817874
63.33976860994029,47.716835734915925
62.4517649674284,53.97422901795308
58.870119817590584,51.45933092808937
12.110580773459318,64.30625389092708
51.91982545515896,59.30129884249182
48.36719178900948,36.94385697420296
52.520384026392975,47.500593379184075
38.6851304218039,45.32995019829218
30.12821134401162,49.93477270059224
56.9470771996256,49.9552790024195
44.65548023401907,59.17282503859773
58.62039490561399,52.65992544711715
39.936284334728434,68.45817507812825
71.23865960739015,53.6150470649354
65.01597263856145,37.541142194940846
54.45240662818821,42.990790697476704
46.80067379921079,59.05683606097638
62.78613316697295,25.78747603241472
55.88821722856109,29.811793778599323
53.57876281895907,50.16045810687846
65.64298114339412,64.26383177781749
71.3980423160996,69.60553147932316
31.213832232716832,46.74341379467343
34.24423838975291,65.91243030478826
38.29608911781803,51.084018646533465
27.463631035346722,27.02877526635154
49.058772116462734,49.878851952824455
59.00174682866759,40.71637813067673
49.67872557571495,63.77346320716612
41.98817537580656,49.6148710946827
66.89686635693737,30.831303401652946
52.10834604810125,27.504277836371614
55.144744510494775,49.68530063878323
67.3135220734964,13.696737928104419
48.151370917232995,42.22752065258149
80.90321108937022,53.46545488614262
43.282774941923506,34.14475243916963
79.96922306769349,64.90980735357995
35.37897227131369,67.86509824626037
57.762273543206625,34.74948570872073
40.36201746790644,45.5293373870527
66.79349175471638,64.92039726982208
42.82651088212357,49.98038698617366
54.363067859661285,29.0828213285147
40.24187005937645,47.850183971534705
64.05837760499921,37.20607516556241
40.16373109041291,66.62296844638828
75.25122267114003,59.08898141486883
35.06004339557914,45.29364582101558
29.8155812250778,52.13222018795061
64.2732811711863,30.378176345412705
41.12534539604717,38.693338121635826
49.89144029825697,73.2991878153874
45.16638269246419,50.80271978869501
,63.951287071870475
48.84509503792493,53.48019632612043
68.97373842458452,69.71422764544286
65.04705504958348,20.0174370110117
53.47689143938887,47.176736239714906
,74.67172469324584
34.10722122958735,64.34260153340966
45.11818506642491,69.88058388185287
55.93707411095312,49.898531095152634
48.04377759774332,41.94340376879925
46.29765004285164,34.592533104681074
31.99034401518357,33.54607862507734
18.77987917035933,62.10590843312779
62.26799637424454,57.69816575631278
53.648323598783385,49.0013982600446
63.5299756731514,57.62285982277521
43.441460867624386,52.13677638578091
39.30833172758609,64.43326552099225
50.098219499549515,64.29030132362256
62.81299472919225,34.011888492727365
46.528216775185186,54.10468981204685
62.02677776492729,24.966998747088766
34.9053799161037,51.99531107135894
47.57829300245199,59.06456419552378
48.948287838829536,30.294209828102588
68.3958491588288,43.753058968087515
53.11441097023862,50.142895658297036
76.19116277441293,53.50872374560085
29.784728000787762,45.820944451627476
51.9487835661692,32.415677713929924
52.69097058770669,49.189891971211125
59.30139796380301,25.21634649588533
37.79960095326663,46.51037844976783
75.26669509116255,43.379395794546056
50.19445912207639,47.98601489840869
33.69398730597623,41.61017033786476
49.75962514379572,27.384787427656995
45.30257715679829,44.50485019115732
91.74852713370993,63.96230187555979
65.74915399287521,68.92191205983207
50.74492033562326,86.590014180789
48.32124972201193,75.37475612596496
64.26585293722198,32.04593109997844
64.98293240492322,43.87343598091011
6.326751210190267,49.658215477433345
59.64489732100001,48.7166024864945
50.4194981596794,51.04299994844339
30.33284267319536,86.11387132321337
63.203212094362655,33.76922681311404
83.69282020337397,39.297032956785515
58.351939202416716,74.6573889513364
66.50642663385297,40.76027985372722
77.06178637946606,55.903709755035734
37.54606773919922,65.51986054802313
22.136428322496243,57.29748525098044
59.852990949642525,52.87648449653739
46.28582695337823,64.07916154540976
29.387398214426856,36.60397165242544
48.8274509579631,42.55455305755998
60.9132106068593,58.034563826977454
47.7654250285346,18.958411111786234
38.19758553897444,-84.0
46.64739409555234,54.550885627966714
49.70785302047982,52.29547629171725
21.057766060608767,25.54230683538414
47.8583757024396,30.70086311900393
29.834892917826625,44.02124503548708
59.885389280316446,62.11144775443398
26.58436136619833,18.85075981702122
65.19038306826404,61.825472011660345
43.86252396179088,44.5995301383745
41.855364398419816,46.64864790887522
54.41681895952958,53.8038941253621
37.00948332164912,54.039758567696175
54.18118631195096,39.31357115095104
39.01836837967444,59.37365132703264
41.648982315128464,15.20902790155342
56.080312539937026,43.243716701485184
32.92128899398426,52.30522644765356
31.034940473564646,44.825760271782876
53.72338261115513,22.596345440510273
49.59650221265923,61.370410681407066
52.53039117214088,31.274182818094218
54.91458855082131,48.987289887075654
50.86063330710472,52.29551895601434
59.12138935950603,50.29740730648051
51.461544304679876,67.53516388795722
19.890441504870456,49.2010616000947
23.781731080072166,56.411831070454106
78.91923770363124,49.16143950273138
50.001078005882945,59.19434126249412
64.25362477575645,70.90242945571285
44.81444141559386,52.06312744208291
,61.72775536374499
43.19953018593735,71.82993402323297
86.98890997192046,70.35776370461407
53.798636335462135,44.22065894583184
41.97713141740704,65.54648533617751
25.226904298547137,53.731567400707895
79.60600164103778,66.7584499660087
47.55082422157545,58.52951875344425
61.163436793423955,54.13502114054282
62.83995935459819,56.50958120519532
43.05754214854444,53.82856934058397
60.08679163079234,54.414995677047656
40.937925698725735,47.617514591271366
35.143604569408765,46.22413489088724
67.46697038768319,76.44762394059003
47.62715930266701,57.16291866666776
57.77769250403983,41.400426166529
56.16381490822657,45.838738528555346
59.568979400829335,65.84387680171926
,38.957199348670706
41.22064203025445,27.76958477283484
45.132872637553625,28.873262890969333
37.52781990647764,24.065365996928183
,30.517777126033128
67.80339616393846,32.287010902987845
70.17776983019446,70.77856069412208
44.91192852185175,49.307311810110974
54.37948793686861,44.55104691294924
56.68465256735149,28.348804054721395
59.31884141305294,47.853104037929896
36.82797390391034,23.940079061537112
77.30870402397449,44.458742430704525
63.89780276519667,80.96741584765513
64.28974015538661,59.95705368059548
68.05190085350596,46.85302759468204
58.01203913398977,60.471854081095344
34.59029865423541,42.176852328086476
47.9154090266734,37.98983385681218
25.234199074071267,75.56194444299263
56.22608764548626,32.8658801911959
47.4617951275168,44.688181464839744
49.39216424709603,54.590499235452654
68.06001695128477,35.95648691363827
43.14508942165311,59.75907430447114
46.218152618418856,45.40108213036621
50.329599439448245,59.95865491350285
22.400116258795514,58.789762696257775
46.00904516356995,46.35481804061255
12.713076315707248,75.65988008886478
41.21717657156391,40.019962948498375
62.82783580089241,70.23305705823105
56.708998373766036,67.62399863942062
41.07769534318886,76.56323311490661
50.61197327335719,52.610840590145315
33.87515649304392,38.17121432108015
49.9648489527572,81.15194877994321
93.95480428238764,44.97947798035454
77.68701980557897,37.79686140941697
50.78933195025892,47.153198811427806
52.40216247373061,35.274639257643834
35.306520280481735,57.89223237685019
37.97316338073424,40.91497427362231
55.43276483157041,45.68773745142692
42.12661151545272,64.51668292497443
63.56224392277373,59.35539815264287
73.54528521466636,50.233768588544876
54.989311771715585,52.56310293120473
51.5260580875989,50.183831459473126
24.788305626340225,43.53267400373953
61.21415367908075,49.96210008728319
32.84493047691413,57.36262438239416
43.7298630704987,48.10756806531741
64.39363838577702,56.29651445345411
65.44637246463549,37.44996832365429
43.00238708974824,40.94159523281443
43.86626697620021,38.985192450890366
39.510216901149924,41.523029423113904
32.03219382011134,69.30771570059136
40.478067768436375,60.890581896655405
25.80304971627967,33.846153219734816
60.245938722623976,56.56247444612683
55.91785407742814,44.14126531027145
58.40793927305769,39.764231217926515
35.683939241372855,27.713908014162396
32.07394154727416,64.57878040730367
50.802714114703406,29.542052754992923
50.96153847425338,49.220552329851884
47.79095258730582,35.80533131412697
45.657750962182256,61.637659206048866
75.6616366654158,44.98472260529074
56.39037517689468,47.98306016719483
79.56017587199736,48.488986056049505
,54.538555024036754
75.54906389026017,50.19507145974964
33.88305850465997,49.35090216558326
58.89756486497045,42.22397037117833
43.523517665099405,26.379059399868606
25.049199329607006,33.22173560687217
72.4400475433329,60.777196080209684
45.59461211441556,45.412708050105536
34.173475545999736,40.03985333416281
43.7815420512696,28.914077833729326
38.056638158392715,24.205292898644718
39.59453048574999,39.45189679807702
46.675949147260255,63.32079281067885
75.96222789567113,41.643947095665226
40.00524175183061,56.007282878621716
,40.95410255903063
62.732551939692826,59.583000440432734
55.94407345379129,44.72373797286996
61.221800483778125,31.521736316742555
50.204834957561864,45.96570398150835
69.29075155795138,77.5100062742061
58.50470394900651,76.84826473326282
25.030010224617307,57.29799954169047
54.44377897834948,47.94411776879446
61.75959714488923,54.55852703142625
45.66498172098174,54.752785080999345
,49.40169871449348
40.8071300798839,56.61416029883925
29.335615159046593,53.12340293230345
26.7443469360314,45.2604142195353
26.943980193967047,32.071148009245356
60.03567113705798,43.099111366697514
12.64577437435507,-100.0
,49.528066632569534
38.51520072131933,54.504303373812576
45.76760696018803,45.754767084433816
22.15352675095696,34.10603742484063
56.058321421109284,46.42055427692266
30.902579087601517,34.66316148875973
66.98608311063904,33.70566239594673
40.673514686167515,68.08454913304115
48.56580464882119,43.698709925986755
50.05660784832809,38.877729118099495
53.66361579290858,74.26939526571358
50.55521566244214,62.22477553106363
43.59334176901052,44.42736161747243
55.145727960410646,56.41454488328552
56.992206957424315,46.46317522608946
38.52297999335569,39.609804810806004
56.39551728460336,57.12036836727506
67.87580453602544,45.13547172019695
60.58841294156829,51.132470134991046
,65.32044852349507
52.578812733611684,63.66819655693065
35.957743308876815,41.748600622158854
37.85533310444532,57.29047403430629
,33.08215630781366
64.14145587728466,56.756212419735576
91.78867870991084,52.22742958701659
64.72732916657905,55.68469043545146
32.44346363753747,45.53832868033651
38.49091141460026,81.26106910478734
84.17775973933998,36.48050438569528
46.78416602034832,64.57327566452693
50.71271952141933,34.52452520347502
35.59374619386156,57.56516261943982
73.47655108361366,58.63684965877674
57.50499810980938,50.82463807343428
38.38097978172033,42.57013384184444
35.092620667140935,52.117023361179484
54.60805918846808,54.005155001452614
50.663092623206786,76.84904729459424
62.48165325831691,36.91489572049556
58.204527096907995,41.66129755528998
46.03279476847066,54.27103335604004
41.8429760680795,46.159193144071224
47.60086777551749,48.499384434041
,66.05527753045641
48.047067007928575,7.6960024485614795
50.246613929290724,41.03075982473283
36.53103659929914,23.86446160623126
59.4601979314682,32.06275344643895
44.443584282954944,86.06936738108705
37.37173474571985,58.97252200929134
44.72588857577198,64.27347387587156
53.6338723493043,48.79205525320353
51.24557299719955,61.380707372478646
56.33177172356693,23.501532387196264
63.47519187613294,65.57447617654401
69.57410306012049,37.7023382216015
54.2822924403208,42.0302627101113
33.958964191467544,57.57726605681978
45.963337962045486,54.74670137873323
34.935224234254875,51.26930072590323
75.45281110568422,29.55355769629522
79.81101323790745,51.49720503232463
59.75466796244514,64.40842030224843
62.87688263958546,42.01269355850309
53.764147898549886,69.72405568010444
55.49083873191187,36.90962096128986
26.038186725063163,50.09821837577561
48.891014521146346,73.0299160006492
36.782704064806104,39.77900130950586
54.220348063075555,65.80978225065611
49.10585231917199,79.61978543332714
79.20232943519171,52.565661033862256
63.74941533084262,42.094745189250396
54.26767973782467,38.408917955749644
45.99590469290561,69.56904055020988
75.14032188139895,69.15041299009474
49.55068030810205,71.73963684303013
54.975109424529165,49.50742474016079
50.63374406640253,65.56710412290657
43.93769141439016,49.26740913310895
50.5475933357828,36.75417317587461
20.57049723982526,66.8626517766853
26.784403981382187,74.50805417417307
55.24445812504441,34.6909704082802
73.5229953579123,34.40853555648995
55.22331656216253,50.59972901345187
39.19446717655019,64.341929086115
28.35719368898997,32.9927120936907
61.76790890713458,53.40523605433859
41.49207273477349,41.14359568910372
59.6485312782884,60.512436497375035
55.84797737098576,38.031697677561645
57.17450588382034,61.57704500411269
50.50402561030334,47.62677783773438
55.75466577454462,35.94289214478436
48.208183981154974,50.955349331403326
40.47040198447694,20.93040028267471
35.54751409225923,41.6135814184259
14.224868030435317,55.061016054869924
47.28335656393236,23.42367831452157
72.79067274427929,11.432947203418834
60.951201388063964,14.909490202802488
53.415636777139376,69.90692833250554
38.98992508566273,48.84861480855906
64.96008838638616,42.01301908989219
48.21036032295463,64.17732103500245
73.62401470683588,43.93325476296334
35.283691050579776,54.026928498000984
38.75045708041016,50.38633026384894
37.290950836705576,42.93500868870533
27.768224443489803,54.412188258336585
35.94432972212356,61.598918321302165
51.54824389648876,47.226400744745185
39.316984627240586,43.09166640268078
-7.845629938608951,44.8623138800082
66.11409946130183,15.531312008214023
24.73859405978892,54.24589319763368
58.83842427329955,31.86333066517173
50.468218845043474,59.44578086178386
81.76059224630514,48.64363848987059
64.9543622228393,51.57681644795661
42.43093106772538,60.50493755909304
39.46904656467032,36.10214350488598
72.54091521198927,55.53872665026435
27.861933543478823,54.01431578843997
52.86319903878062,47.2282875103581
48.03319305125492,36.07720698854693
44.85160896942986,58.92857546082746
55.30270976672638,60.55181816628974
52.843397907630134,51.70403038966826
56.86101114187616,33.945463764280326
52.08463478544926,42.088264506118186
56.265221075258715,49.095009163699004
51.40047789397392,60.3274182497314
40.10859669175528,26.24765898330325
50.06001890354893,41.54294803543435
39.2842016044397,43.95991160086697
38.29435092903724,48.75167630895456
44.95774995923372,30.4801207396273
48.208652588962366,46.7370083244
50.52837959521716,45.34274653531116
63.74568241044996,34.43612192765515
42.52303876188735,48.23048623746974
52.95277889712231,41.88246354821747
51.770415709157284,57.43379213764561
40.870575688009026,36.72008658493492
51.10611179309817,51.34751183192683
65.0408212276597,37.87416744156098
52.797593253251,41.00368642761781
53.39875893540962,54.45937441558109
39.42007503585999,53.520765992632334
79.53288276807314,43.744667261324594
40.27465444516248,45.95884072500998
24.983248091787836,28.19590332335714
62.90276180327115,71.04146465871051
48.27774440527361,60.311845968170424
45.45437268579387,59.7717207630666
41.81669329382709,26.074516745656773
78.07571936473757,41.0676501126607
55.31885417907024,44.98180956614566
58.24626832467627,21.034077619489814
52.43923435373401,63.3492514411413
54.050744201677944,71.80826732822204
70.97936915839122,80.92902434005421
46.237180081584576,34.31174258723395
28.145936817189053,51.7598524525141
63.02081981341665,69.84227403725632
57.45052418363588,46.19572281579569
51.61969719327564,41.49518129235983
57.0612986232168,22.009734896832637
44.43883669558739,66.98933686657624
50.3103887428139,49.71108865889953
48.02449619210135,39.059872115554064
41.12767614393625,54.2578593474329
67.83759174657504,52.29508059767998
28.816120588732993,52.52388653531887
85.41323257719449,46.74352906509987
63.16043313809713,74.33537238145048
23.330366979464735,47.995104001063666
46.637505057636055,74.28983114484957
47.47181126144663,-86.0
55.878299434131684,55.267552141425966
35.159325938904196,48.300878700827674
50.48038015052326,64.60935040318881
48.1832090281603,51.69487651366993
38.935724561398416,36.018031773297025
36.84871652793152,35.51761713502947
63.78206970053536,56.33726932901408
,36.38931672250256
57.16818404144077,49.06653414541251
61.96265460317186,65.85776807826636
46.72162492492375,-94.0
50.78559259587494,39.16797694506879
67.45242499546072,71.1498126742421
39.427227339139144,58.218128554920526
40.97521356666314,65.26689480806134
42.56774478351038,15.986624851860462
67.47988398834923,54.96279317394119
69.38440620327061,62.6323675456984
29.061646483045713,75.50432963446988
65.09361120967455,28.042721237734376
62.28362459520926,68.091718837918
73.30392215674742,74.66570428551867
55.77662048189569,19.740665340815312
49.33609819582135,57.17886664804614
67.17825029857488,59.26431221511053
60.48355687252648,45.09488506022141
83.6734762122309,42.648583099005656
64.38061767442741,60.017808699317335
52.303219646358734,40.77527369884052
32.38843429435743,46.74126007372853
41.28624234208822,62.186523512358825
28.460675329579757,76.31064575490296
46.77406945908705,58.06976408813027
63.89101389849268,52.002267431217675
49.94493367279227,42.25403773008844
65.32587903140109,34.84099939023416
,66.64367362251424
43.95361565368985,47.69825223309673
51.31437732754946,67.26054912000093
57.08145036582644,45.05672183006807
52.08835097695424,40.26067007958483
52.26026343277871,56.31198333241274
38.4642483861994,48.851960910974
43.50535602136676,31.917070930838936
83.87691194231967,77.26052494672771
68.42699735635314,40.595243393425434
27.89238654785426,63.9138728176132
14.495465637404571,62.62784944094722
51.142886321730835,31.108058526284648
63.40209341638985,34.964185330752734
42.20087243866689,45.47735990449808
65.32488092296907,37.01530183132525
50.89481847510626,75.89684557818032
47.55408080409538,46.99736544802233
61.341727642627724,63.34623564221102
42.021863106465965,57.704560835003065
45.699405172945205,53.9603367349453
60.05250893195694,50.60481816109382
49.529060944009636,68.55696061683045
78.63164410066604,37.62360539997475
60.407381192840276,75.89502965684879
59.432207424991425,30.691652292438576
49.25743030902398,61.722675884336354
63.121320150644095,28.92254210090326
45.160883407975305,45.264416716595605
54.23566626799273,51.399649070914506
36.255604294931594,42.69956976755729
65.59162088345887,47.27495645574663
54.35907045892688,29.1954432810381
79.73769595546815,35.18824296914673
85.88447575504637,57.473970607938234
61.44979177149722,50.44507737466167
51.02637966811855,39.64207961267739
35.809032318116465,69.86416644694506
63.57124704888236,31.701036500146763
53.154268458428426,44.576143012039054
58.07052258731693,42.41515582732293
75.94681081184365,59.225564416415665
37.633650670049796,50.72245536705792
36.135437472779955,48.37752130198105
46.4536109244398,22.336749441991415
62.31801724627735,62.975517209481396
58.32300860321732,46.73261277752395
36.56467232456341,51.7349152641563
61.34829351053724,38.77155169859184
31.981807716601057,36.41256855774391
37.433874884767135,72.48931637713531
48.26814024216216,23.401421326063808
41.6985313103717,34.187014583258424
63.34789232976402,72.20738229003621
54.29567724501642,59.61119571497981
76.4834176644089,45.11806202386371
46.29221951968378,68.6989447143298
48.16696773438885,56.70290174594013
68.15573913592644,53.48990137961629
48.636187953143065,53.383430256536265
72.4100787156132,56.97857325821741
58.112423155767374,57.58538751946179
14.708202951719613,82.93959579343935
67.66355621224196,47.07660782490992
63.69090219679713,47.53929217777694
64.26998909165818,31.446602186439293
21.33532432182113,49.22153919768473
40.05515058093429,77.94330349317228
41.16942749664845,64.76727503651985
37.383179486594116,41.84498384187008
76.12883797840908,50.45062046781928
49.82348243264549,30.55342436622508
49.45158586056244,35.463209835525404
58.28012465473668,52.24161728920576
58.539525018340726,42.58318095769321
-0.023390659387445112,34.33100315932373
40.30463694275955,57.34761147106838
28.808171333130847,48.766248700200144
56.004591397322294,26.48674442463441
45.66661378498929,18.87279550748318
50.23081346751903,41.44982752138619
18.822203766642154,26.176022848377084
45.35221662964253,21.966328902940194
66.72695377749223,66.93453802103127
71.14174224653252,48.534336652020606
60.7829512931105,46.018304326617454
29.96802059827822,47.17391275773876
68.89102704488185,32.93251773810545
60.86003382500024,56.164642475212524
48.24216448903192,48.039495099011894
19.62445528235384,38.63887016030882
64.30392425993776,40.885569732125006
41.117505050249314,31.58811930181557
55.192487315821715,43.90635690647248
51.025907909549936,46.40558178826229
73.07592476657418,43.51575006305054
48.11949521003737,50.8273183601238
49.773296148710784,48.82232442857366
73.67923085717945,53.461528079969106
40.126666343747175,64.14645555382391
62.21484277111666,58.89535215819621
47.02076415682304,64.31884760765503
34.96187056992606,37.283986552606564
50.017414800813086,42.37077658867014
60.375576704119815,59.80395025918952
70.30564759964767,60.072165071481294
72.12040978018524,39.82069073694677
45.57853888661701,59.173758886726134
35.1912615195168,35.847018250310875
45.21891650633781,57.21583586212691
32.27703870004767,49.60555698701538
46.73920700875242,29.23346594140495
44.87502074570362,43.488892673608895
60.91235306235148,82.7340171454324
16.910972301284325,53.04170544207492
38.995880808700406,84.5067496507739
39.11722543337127,28.341102051874454
67.80690878612037,61.26112688995764
33.292334338984745,11.984957122893263
53.39986039473491,49.996467726278254
48.07807378370328,59.468260664769815
65.64563790254573,62.56835142494415
58.93747796765821,38.0109541312938
51.818655977305696,65.58635632965104
41.67999688117898,41.99427859932958
22.21486245335186,47.53854123331405
,43.50016670965049
57.95734697794809,32.954159739015026
26.376985812880203,73.54579381131288
31.494587535071762,50.720267257371155
53.78494960057514,66.30977567987942
55.08712529311805,65.67066862646901
35.14029034861911,35.48089678590526
41.38902929647943,68.24190871507402
22.4526674214436,57.55121365323984
70.6589585571985,34.38647203290667
30.501883889473216,56.73276247012257
58.13389086872826,34.655481726978984
49.475589557699294,74.0968755196796
69.34390429437138,62.20680117383145
38.11618860837865,48.93277156713447
50.91879065510581,68.97205427325775
24.52359636143975,26.270185329446935
20.922097445903695,38.75988049819938
58.94500375798211,46.21370417389443
23.22461241395447,83.53527022138277
46.576736983482036,33.942756486898915
65.1694317195938,24.3904108738899
61.20027284142019,28.33421728252594
40.03121768077109,63.59323803808402
26.17245295387741,41.08711594191715
57.64242292483293,47.613700034470796
70.13385174290272,61.44248962511726
40.066428820015645,47.62873058063133
37.95030712389325,53.06219906762083
42.126470556965025,58.02822721414543
58.57413066210673,43.53985412059677
68.4277640962237,47.50524410105474
31.405897829292165,53.62933103481517
27.525772860130203,63.0226890957983
85.09994482898672,38.11446103729026
47.34015818164942,4.691361172553307
53.79339193535464,60.1937472407847
39.62103739073542,63.91573878125127
57.34943464179074,53.00051243195258
64.40091312052283,54.02439828434804
54.49694257359395,41.53535158789744
76.11287115521652,57.50275132302386
45.09883115088362,62.79750229526283
46.05676290446936,50.84744512127727
53.47109526916123,87.368724950109
56.974424682591454,26.543883684929305
53.41920893093914,52.444425062845205
30.733774595673637,32.38470556524028
54.68772749293342,63.19768885935335
44.38739622794844,26.27786857936728
41.285344788880316,29.99117685923452
50.48723082129865,40.50219589176193
35.577159690061784,53.98748254783099
32.96913014190153,41.06792917007574
10.767965599942258,41.2183810610136
76.20855992764837,47.286643176108726
58.335969786545036,46.36639761407741
48.248538180405426,72.31174082477786
39.99165144670028,60.288666795034516
,45.13134890323034
39.072066856677736,81.45517866820421
60.73799505746114,57.37491762284014
64.13261455390803,35.465569170296774
59.634379904049524,53.84770609987766
52.37587933628703,58.03268817297972
69.55811218897068,39.685629214079775
45.0719416686719,34.212366337909415
66.27783374201542,51.29688635063663
44.231263344196805,44.59667343040947
36.78288036683357,72.18691832683163
34.91430529366218,61.11733736127373
34.032553682405705,40.38837088870129
59.88602043203728,56.38907166422883
38.85881643354382,69.0069221408711
34.50456732447584,29.092933311505252
60.7060282949204,34.65832638518371
54.919555857083495,49.83247074080703
64.43887974268704,50.534029518575515
57.688992669091974,49.217037418057096
38.70332629704032,45.338342318184836
51.14153624702881,45.1090951632197
51.87699486154516,55.76387205232443
36.212620122889966,67.0091383045876
33.430625388590116,42.785709054673596
39.78917586323443,86.57599017755982
80.5487353500812,79.41037153610475
43.808838586676764,69.93883444370123
68.49300187080071,59.337250018423426
42.97009235780303,80.11982159705234
63.33258229309988,45.64826952500887
63.53737483336771,37.510933820146484
64.28885761928068,42.110419108940235
55.81741013013438,34.955857953648774
70.66049868171727,51.82701983470054
55.67530954029092,54.49745696191615
75.7029459401042,53.01259758021661
25.7012029521735,49.813529717273006
55.224293715002275,51.99731792257423
54.249853888035,76.04485713274833
35.952202312917635,59.30077801458626
58.69376332645607,63.83763194907232
27.64875986635073,52.86184905030182
40.18723511359507,25.76616952297884
20.013682806532884,22.791762942957334
73.37939775444222,81.24214985312773
46.526757590820566,42.02266587153168
82.50326052224467,40.748729837721015
62.04424889779243,53.68494862065874
56.721473200265365,58.25604467494891
41.20658458578501,60.15293206001619
34.3047494646887,76.61627799320006
57.844573608454176,-71.0
48.92728986090527,37.83600163041768
29.910945267720486,64.53101860132683
27.247123752375224,44.23863622683802
35.61944406284624,47.93736883353835
77.31450837899345,33.59016191072956
83.19916877016956,24.603907192528858
53.07483720963365,49.52657431051567
52.23414194361933,35.66027125833131
44.955194422557184,63.917205178580545
35.98271977535747,45.78382634719818
70.62768586410866,54.6288532842481
78.10364590845704,70.51288630873148
36.598713712410714,27.720572273268377
48.75742432363098,39.13073917175469
43.25200548934748,52.713254368487746
43.69641387702534,54.687872237348905
67.78862383144794,66.55246251908488
30.320576819508172,63.00729693560897
56.997045364044595,51.45400438596109
60.92357160958798,54.55107005895883
47.86773239597271,54.96613836485735
63.39601740480159,27.954314529893665
52.21477760806175,47.65436783967558
68.25694881734168,53.727098269956386
27.16692042611219,56.87826288177659
44.76837108489696,36.13454839903761
48.92280285723448,30.968031312066636
9.916889232929762,46.48201111222879
33.710708996321976,79.51049166637242
37.79601118461821,37.711287309069974
64.22308992235024,67.60892371032214
39.397349805280996,73.7710946456768
37.728815190410344,50.68199789349791
62.262286709842876,39.80228098019823
25.731340313149182,57.69229345487338
18.93133898834642,52.92485438149244
44.5761154989598,37.113440297145374
28.28439847882467,40.11795760442336
28.854810580105266,56.80369778217997
58.60150687531973,64.00160612252822
63.13960756868869,45.15814698026919
61.832963237781875,48.962996526679206
66.6316499046085,60.0295785576662
68.61701480022202,47.41269673739097
18.07114686759604,45.51009540056174
56.756179398941995,38.669887704091614
42.05587700645662,38.40973064938953
38.78863631014346,90.03324137334883
58.406219483130585,47.05697509881377
24.045567801563724,70.47587482268337
23.733370911915202,75.25990006278606
59.503591161225756,47.24626565760261
57.31679026266347,55.52644712652153
52.05098983807265,51.53717723049548
36.80129892915295,25.81726474011985
61.157444518731864,26.720404816277565
60.20454338090714,50.732727003564094
51.279567725711814,43.626296920871056
32.34018438095343,78.37370507590384
43.6212748140574,46.45140591958072
62.56750516286664,79.26393495602187
69.9078683420268,42.85412905796684
45.10195094935507,78.68300630913402
46.25490548287606,57.596367454210196
47.574663379624084,58.449378436567955
54.12339513366458,42.32354064899526
41.283990499099644,58.65375770605533
6.587224136426244,75.39070149621875
67.89153502470646,47.82758758909794
76.92033420743824,44.90904776950073
40.81400210591431,46.298561917098674
34.00019946621839,74.30167407509656
47.94349216414667,62.830268105016295
47.18744174406841,71.71519985706678
64.93277865744439,54.70434065726404
50.81959162467557,50.58979035166748
38.11065754443225,56.35916058605948
30.223858241629266,66.0523780161881
62.984512772295105,46.29322636118203
58.99266861746374,70.53015490035179
65.90839817137729,55.48745835598815
35.47719873918359,13.905827929547328
77.57655349292494,63.25240140657792
23.844582394141447,30.915424801070262
60.644015321022195,62.88759141010981
21.356258492046475,63.522769973572494
38.14502927452298,54.94838896071812
73.41534395671938,58.155213483150405
62.470463817139844,66.4830618176598
41.80669376769227,42.565584892839084
42.21744435767468,61.90144489553718
,67.44534954435554
57.71211486141084,76.40123896307718
68.77369074024045,33.41329570910445
43.15648993087258,56.12774097481652
25.823224047691976,35.57766201407803
52.3545294057314,34.94116973447753
43.138537437374076,55.385416586089704
30.49049442877329,51.16183722194208
54.46503372969192,67.17502217782977
46.803293688608164,44.80735325608686
54.59768309704692,47.98922845704484
36.58333699719229,53.17256393507277
57.30065795488248,37.07256722845316
30.243527048675325,39.153952324761036
37.58402915455125,66.7414799865883
46.356286533690835,41.765674380783366
76.12727622439571,67.73714849674528
61.7723805282274,59.109688710024415
66.15788756401685,26.78703461766597
71.25615550014717,57.95568037756682
104.0424820371631,57.83719734641191
50.62383601337651,56.343929127669284
71.30601384694783,47.871849104254835
65.18952881602911,35.89898816912222
64.94048754961288,70.1931914916893
76.61359427060272,48.47630616915747
43.71030453523285,36.74890759496948
42.51972464095431,56.862030291320124
54.79648270222792,38.85830043900114
47.259503421171694,35.76370957572318
54.777512794972594,44.367910816963416
73.44123177579517,40.019033535228886
,36.31636622023139
45.429815561094046,62.09617643392639
52.61466505289866,48.292582783064006
46.57522360962246,68.78419918273838
21.28991257979769,37.18235783405096
41.29808535951591,24.08658443545496
60.31059863356256,52.231555238741244
71.5632012639897,77.83968382709624
32.680721486934104,57.964802440430034
32.610764011537356,98.23061294319248
50.45350704076004,54.98088681423633
18.86607402683245,53.53328316932136
43.32544695519309,17.669559934131236
23.9593691067291,56.41921160882792
70.53591949763698,52.53001640028937
38.460032684743936,43.888682026931946
74.7925127950854,47.948316994113945
66.70282030187508,48.97849138486731
40.30524053453875,47.30106270601904
33.92060544730884,81.34572444688942
47.09681376248617,44.43706958292486
48.43030063612695,52.53970585780786
55.19220415928602,43.941483749206895
38.351850657047315,61.7514677996582
61.19592310283305,52.6514554995831
53.979920824998494,45.80134140244278
44.89407264926204,21.110480811392257
39.319390168729655,53.64962337933125
47.22672525351971,45.35635589630374
37.74648122258646,49.08889014669348
50.87658042325381,32.263130791319995
51.28158027829865,71.49923259080293
53.925609252145094,62.85114763765808
76.4936361450778,71.46058996460948
48.01332920450641,67.2046895117143
65.06896800686724,58.884759531911925
53.443810954635524,32.86576236910336
46.42633547152319,77.65080746107787
48.21261095073149,36.08547273668734
49.11760386247924,45.97388563887557
54.196515615923246,60.60353420940382
35.61018852171545,61.34811180781108
28.019894248325496,58.583550904168376
59.814460902114135,43.99567278006366
63.47185748871889,40.89602558966788
61.18453749204204,88.01798852909204
52.32458027834709,49.4102909225025
61.50836941179933,47.57342923041746
60.70143539025713,39.2966526359187
61.81444038432432,53.670055236064364
37.106887679868294,52.97034200867106
33.545723042680535,49.75660686943557
44.17146129871594,55.72589970181829
49.73923835686017,76.4530625366353
46.37118309301566,41.07420940563652
21.849645029931867,50.6462561330318
,40.28227321174166
45.88931016671397,54.42047541238442
52.590566248654305,41.472957479383716
68.66823486144588,42.11835512848715
,28.10714938916561
42.32459192132432,51.46692174229512
44.19324089630293,56.44654432857466
44.95534931824033,77.90714529788443
47.39770113929071,57.04253721784768
71.70702197667268,43.254738150540206
60.10188313590834,29.604813684708652
64.37052902943245,-62.0
50.70680407716386,30.565574907920414
29.009404307817483,78.17063053174071
18.804544472809898,54.31715745389555
27.058884151525536,41.25550671107161
,35.602105922701035
50.476545690464526,37.15838239409118
46.84754528665989,40.86050908240432
44.47134639889795,69.7438282438273
80.17582363164121,49.55084829413376
37.65644613535289,28.288003740890765
63.917291841740884,84.65688912095558
50.02869404031491,32.89758290951154
49.085907323210044,41.13747035114199
67.64956322925116,69.65216581450824
71.93795574037168,56.227244489136
46.40675814672743,42.951155005636856
61.988040788632134,31.52949610859248
,35.4996483661246
50.11155708214872,36.40255821385301
53.063824139855384,50.10547696774324
39.67986777732743,52.86592725921955
45.408509100033726,47.77018057052986
41.290470803709404,49.41179279113506
63.520650746433795,34.23915207208519
48.57198326688406,54.39704159335834
30.534289630774424,69.20777955255494
39.148441652553686,47.558124773756475
2.01103032181733,47.265699403557896
42.58261097176777,51.24501578079273
50.564675976457245,66.77307289639087
47.957962266995395,36.57915500842039
79.70231527297088,71.76271003598202
58.623590613725554,56.318333591528564
57.95677779633726,50.43021043548301
25.350964481445832,68.1985825499648
44.53036918824301,32.269068891853166
42.70005789014456,57.830683043670625
38.208782017879884,56.45464346759926
38.0017900172998,35.96817403409311
22.878155690875644,56.909571844307315
30.862201929780074,54.24957769070729
63.11140104147424,47.31892820465099
47.85627962010226,62.94226332845499
42.40396372588499,41.423686214635026
49.91882998020938,54.05481868765054
67.51086018051727,48.02489326317022
50.06315781313678,40.779547654884986
58.10561196396557,57.54327027678157
37.30092736417614,46.88396378976273
40.72055073879921,27.9049031193568
55.30965327595513,22.984008429230236
78.38980562505671,61.835862021248026
71.44662289272311,31.69099839159754
58.742421041842086,54.1907674010091
52.27150640241077,50.82427840442226
71.01604033440756,44.472023345436504
61.920174845676854,79.3500268582301
15.595069664440082,52.69511027690669
,61.33450224023098
55.072104880368975,54.27224323009713
23.195486516735418,46.52690865323778
36.53616492864707,49.713668746460876
39.50277584513039,71.87814148490726
46.157511406312494,66.32157938900644
45.688546876606885,79.27979647532901
45.6631935924976,53.32463139459326
62.37961275860471,36.84594401448878
46.021642018241984,43.39224583460282
44.23054801893149,32.18332712302113
29.762418437847256,61.50566193312916
65.36519302978738,41.21125525884128
39.92753729078771,4.170230805207346
33.69454507998087,86.95663547494895
53.19635862303456,41.44098292267527
38.49588106425406,41.351136117712855
42.11070890308559,75.07417538990549
53.87690261478603,31.876228238037267
45.10276064330665,67.0490882979975
84.67414062950951,41.188363348639676
48.87757185021203,30.143068331047115
59.26757328318833,75.58576642067204
20.874589287605822,63.84645420593791
37.09026302127905,63.80001476772564
33.696294576249315,55.51483320183162
35.68430415046057,58.9865244961652
56.23306990755504,31.51762962877935
65.53347601666114,51.67416285866991
55.16945756951766,36.06855499323733
46.60033064650536,29.165892214054182
40.53717441931371,56.164299960620475
66.70399626779763,67.37224333489317
81.06883181232293,44.24946763657904
52.025835571755366,46.81980661498187
64.09044596107358,32.927740323754406
55.15055524693213,50.108257191318465
61.33257359698384,61.40114168582621
32.53179832834825,61.872916050916594
42.67795579786814,58.177642634463986
55.93204160068376,40.72353249208197
68.1873641612297,40.24806434859273
37.72798667543488,61.931067098613994
19.500513334398097,62.17998398325097
42.526033603381265,47.4200752185216
65.15196071522375,43.607421386514716
26.24156613368226,67.5087064016855
,44.600770027801296
52.33877879076668,61.18898336785672
48.26043120857804,47.947352377128524
58.91699722329841,34.287008284445
31.569098593316312,74.18468210035553
45.125321087469985,51.80095843597214
67.92778103604647,39.33884030167875
32.10655709544824,29.13791498337194
72.15368444465403,30.649988026447495
33.988745211669666,44.406328938580984
62.740723660664166,78.87693325300388
44.40562234680311,41.23007181988636
32.82637613541535,71.71182248519307
42.546514292711024,48.03854497095374
58.17393782268491,32.282744133474765
49.897190076477635,42.90183217324406
66.77704117165015,30.785181143938352
71.53610091402322,37.16047322054219
32.25454002023224,36.71377907186124
31.155962826344826,21.442941987781005
30.428093395687373,72.6919410322209
36.51205855927971,53.165255453334225
66.56321781229616,39.70582391572847
58.40542926000103,53.326366196500835
41.824586406163526,37.46779409536907
49.833461140657484,9.93407051945367
71.06458257748908,94.35037449839825
78.6201627646868,52.84399815015589
53.89076500164203,41.16480441027853
10.110782239289023,20.9912778248385
54.459306421399596,27.587753072861602
64.02122194312021,74.81737894332358
53.36948473784113,72.529078231977
60.89772378102175,61.298225539984216
55.35598061690576,33.27384442385279
31.48031873777202,72.64960981965515
36.70642349954806,56.74673926916529
45.18271719304765,59.823866725273014
65.98122167357528,56.692564166648694
38.51173897519069,27.395192230608444
56.8385394975147,32.02758573879669
,42.346727503874575
73.79295897618695,59.6545956129967
49.37480332805878,29.293518766352808
23.67862372585612,47.36980377583714
59.703056973451666,47.35085734755424
82.07082817451007,61.89109533991366
60.68575017299684,60.12007303411494
,34.84661106421801
33.77081181231553,71.70029254230953
35.70546749738892,-93.0
80.04967820573069,66.38359162851125
45.09008839217846,41.74782652477403
40.060349092579585,52.458889301500584
,53.38981190156458
45.24639427091447,52.96561161063193
73.51475539681255,60.117487976518554
34.78283763475545,55.87189246900299
67.7096484749067,61.754736948058074
51.83138144676627,56.96929940517703
68.10539770141528,31.033171116112342
73.73928565601076,54.046986118369816
51.27196450869643,41.54195146242
45.27404585601251,33.36106283139075
50.99268247797655,45.6524016098405
48.57843991992303,52.74853398552636
25.14550316391908,53.74512541981677
73.2872056067761,65.84037117710402
53.68677526071785,69.60963678457367
32.55351222423418,55.04421246136034
18.98715019702387,57.75659565514114
15.086011506044763,51.42963549763483
61.55720655031255,61.50838195474377
40.71533647389357,57.304822082555965
43.176489978423,49.182678592132945
57.322313968082355,82.2797385050645
42.25927765847332,41.80724954837272
58.197866240802696,71.81685435062506
51.42896096565073,29.685606105095943
48.73805625276146,62.20424804677182
26.408743914627667,71.54852527590256
37.70402965341711,21.391713934881203
59.03803048380299,52.08425859582641
39.76967277703923,60.731210618660654
68.08054333676736,53.779454061920994
85.19601985990099,55.67233903410445
59.84577951261984,52.04334743564995
72.39247837047736,33.58628260457612
60.81090857444103,85.52068388233164
41.98606965991718,42.446932050263015
53.00227497211137,56.512418581683576
80.19981419146163,40.297404843718596
42.14669386058823,15.862052149689525
34.41009051682889,36.13230689376547
32.98708365327096,28.28589961587293
46.73705924249676,66.37351308836735
34.94791867035407,40.89697975933318
75.11029141155856,42.28862991230056
53.245348018869315,34.03503931094396
64.57589464640755,51.410530980726534
45.52001914130452,39.25312225458079
32.897042033658224,64.88532096870183
30.359090818500842,54.53058984633741
36.38012386732819,41.42261321413328
55.21288241040067,62.75349577755529
57.79824397651922,50.11910784534857
59.047941095880276,50.322453585349265
27.669909743272143,28.060476444021113
49.99386221152595,48.93370800822029
34.60907253661411,54.823169589769975
56.02198951376792,70.00350233297517
57.18615583246178,38.72159555145016
,84.17162935078267
64.52044410794522,58.35302475243479
85.08234412292367,27.20882185949289
62.522536063769934,37.32202828871665
47.55748940673343,71.31498746325228
45.25181445185387,68.64843714443592
46.86404027491237,50.27140222340754
38.58899229834484,52.24876554586778
53.78597309978074,32.53084589411043
32.92306113268543,69.82164110353013
21.654533201031494,35.18349369838299
53.29402522720323,62.67111666685126
50.318495986637316,70.28063552997708
41.432449753442086,50.72233331329264
30.7595506608445,64.51417049183299
54.34616040371052,77.71459562038541
35.14737442144324,54.01953198816107
47.915834737019985,47.37047275352081
76.47457781189667,48.99720713672725
59.76784654363076,38.85518145991867
29.46301006427455,38.5162431089469
30.877226434815462,56.63610145738554
52.27728639115638,47.54075266776073
29.370189769114685,54.91353765276899
19.974117781485702,27.65095775221143
57.98558016945085,48.6107176221929
54.814036314813016,65.45176775135695
56.75897496918699,33.21613584535973
53.945527727268555,50.24789621201827
,22.180860336523835
40.06717178485009,30.418069665902394
57.74202449131915,62.11491331517074
72.94825232607727,45.36073560030576
42.48156488834819,77.33109298307814
34.68889684687552,56.48664665636469
32.973208708831415,57.958934973339865
36.999046499994236,33.85276925157651
53.03897786714111,44.223419347333206
17.905586546696597,39.010457269285816
56.58755636648489,34.01837390674122
59.65869515444234,59.95839689144203
23.0288246008568,62.967737986530196
35.31229345583601,55.98405791251173
,37.5789921016102
47.84795404543403,54.960950526461936
57.794562024028856,21.309823978015153
47.88294767725451,69.8451390306206
68.97154290162447,30.52774736543845
45.18245901434477,33.19311526342305
35.25450519920369,51.72938404355289
34.048372006073656,53.062393403630686
61.03202763922533,48.90877102322323
50.44431712935374,33.348080885265546
59.505738510877926,67.00021990404939
59.196837488437765,24.71076198396124
19.70225220854239,27.750965143273326
32.89876098464835,48.39525842068278
34.690624392442686,31.036490272334184
37.759037172623565,68.33937914413889
43.69467010135211,32.32678046880628
64.98724391925779,73.35540728315468
67.9772352857585,65.5268324865736
45.60663754695505,68.52583603261375
46.230787080128835,78.30658974429869
39.418494139140705,51.21841886143648
51.33781545857816,34.80538106270063
53.03781324100905,48.454881863470376
62.09713332503398,41.50001591886556
61.976580889738294,39.36213091229416
15.46822923396423,52.26280155210249
47.71182578544323,45.3244367868838
70.76150046335155,38.71685473524505
43.428276090426245,46.31896411119113
67.08862727544933,58.23467696305558
45.40322299983217,64.34625809889044
52.62385201162946,25.956141302135155
32.94663961401277,45.45198370507187
33.51127163650228,47.879851917879435
60.88237358394522,32.262199666585516
63.22727420300997,48.20441400438951
50.396433593007394,52.21993414310042
31.587136360424132,57.78251817921486
50.65706834910822,51.15737038447506
68.85852441011417,36.785758850036665
76.14299705077642,80.1804504135777
45.24938101511128,62.43690157432397
25.101982246133147,58.290796169748
62.60545399332168,65.07246885516405
45.86055355317499,53.66913757715716
64.1456096234156,69.29451328282933
54.21608337526429,50.85307925428646
36.74833841357225,50.02621190411276
50.87366540989071,59.52842718186806
69.62507550581492,73.64536319436385
47.76269016549134,72.6807292293396
34.477922548319334,58.89271397389993
26.17033747105015,57.74917787865199
38.417529697030226,60.44063616644729
43.84795607343527,64.78431370004895
62.299987038758886,69.48097909119863
33.18726098282568,46.451238739942255
73.30627828594453,69.77091934756086
29.94271683738213,55.14492671106959
84.97229138835255,59.76397433749925
75.88277835131706,70.72923982300992
52.11749374081988,61.20593375136018
25.284596978456115,63.73993344729261
49.16863907026367,44.15872200076368
44.19738563020241,72.4746731562452
30.88569165423614,60.43530066614188
54.365144408711636,51.89098576760747
37.64535305216534,-73.0
,88.81745746640749
46.944820481414666,32.46613247267098
41.37636756941445,37.944010656150766
81.17234925665043,90.27957963253826
41.964280505006755,56.400422634565615
56.61321517091713,52.86304517947352
52.18283738315543,48.26921387506752
55.29125337888308,68.1265400145716
,89.1687096321543
63.22042229909184,40.022171888999814
53.99669113427964,48.546849092159995
53.373436923294804,44.73909307148201
50.87715602702209,60.99297465228917
47.92373221490038,68.33590156475861
36.32303177508984,74.31399177999675
49.086974338696976,61.50077423930421
53.619010628983,87.78999186865425
56.03246834859193,41.3787052518888
52.704271594853545,37.48189171350944
,72.04016439974313
49.14380145206153,51.84248479394505
41.695302731738124,29.360895148770787
54.69835986509846,45.25905542543826
46.68307658128817,53.83487981145911
52.70841407296205,40.306276431389676
65.01204565073829,34.78008969358117
39.359616355363706,46.88556295211186
58.95043071365726,34.03199869457433
50.49815269828059,59.526965584703476
80.31790399371133,20.842927296607304
46.755495073047356,51.356373919481335
60.42746874726599,57.79264832162454
50.23030177633966,48.641881403774356
29.175432375297593,66.39834345606309
42.18966356721283,29.441581486937967
63.207066581425906,39.483657479358286
43.50958309087591,45.04948030623666
16.696155277405794,60.690868541139594
49.52895474613244,53.27761379069181
33.614955530734846,82.15048974113627
51.97726598895078,37.913211545391604
73.26720622097028,29.075166521290228
61.54185966204355,76.8363347439959
73.04983743109966,28.53712124101426
41.57731967833263,60.245940670985675
47.852504995467015,35.31994936967046
34.33345704788331,18.96022473728471
39.73934832439858,44.37824309280152
36.0967275157073,63.4924994371574
30.39915546182064,31.673433672903894
70.4878493799701,58.641420922172465
18.620595574603666,61.44295341779677
70.55208357206836,30.92464787721044
68.69088387380347,46.58358066931444
57.49689013218497,73.65612233490745
,59.75888929945614
26.26737332835189,46.0776130313597
41.77394478104654,56.229432218808796
59.376806845098855,39.72105037294328
50.04595456161012,66.70543517577538
34.34750757357864,66.69890096903208
67.22307176984735,51.81358872629082
75.26574992272307,53.460592346865404
46.60101253978104,35.01804687491491
51.640053553960186,29.71945359398256
27.367269745557557,44.35092884087704
43.784199258364474,48.68897435463233
57.656599670014906,65.93941246081982
55.32284810386666,63.83641625927466
42.3849822618544,52.77249332538639
45.886347372853294,67.8580847655918
43.29183895183172,35.84770731778395
45.82302929422423,66.16005330917554
56.3485220377719,38.14356928475799
20.486943719463163,68.59541795096364
48.884757277881164,49.799803028450285
55.24963303438534,20.02569985193394
41.44272971538384,60.95235746047163
42.810004340526774,62.1431863925117
43.244083387768256,43.151299182671266
42.8142503969426,44.43110632408975
50.0882566677556,47.60682080173094
51.935041370206754,21.12272281060593
18.492285256493005,14.529077403572849
59.79320557208432,69.52438457195584
45.650016734795614,37.638984988841344
78.99444763202801,77.82896164364546
32.125271916519374,70.55602701708371
36.99028236868503,73.50792971404609
46.956365321251084,40.24551571299268
56.19838174529053,25.873982196041286
,33.696765401084676
37.5634992182584,43.30317909270632
58.869802408607654,14.4015540072404
35.77814080351186,42.86861466313749
70.55039564564342,46.97482958733334
43.19174601726392,30.583685426199583
36.509401979871555,34.392723526312516
59.15366386684279,46.69102218228797
74.11426080236669,55.34429822465452
56.245943881158446,36.637659979996336
68.90644098834888,54.38378914364404
75.14953010955446,52.052690119817825
36.172119801086325,50.70328788527586
64.0758700108938,40.219788142151344
27.147942360446788,29.99930605946926
56.373537976795774,75.4467796985111
48.93023164227771,59.45458874686139
68.64425304563093,65.08597479591107
67.58377269477262,48.74555472741616
58.54675025801603,47.53961836609793
54.476418492242274,57.359895210880815
57.62553015082926,22.479674743216318
50.926563070648186,33.28034795970283
49.082063883381444,38.03337682957441
71.63867258378664,43.18150366187356
73.44334729517264,36.804564807947685
47.875112034466895,54.99210687876119
53.56454604516117,51.221708516942535
51.22482837159161,70.89297034627066
25.824523370942075,87.10638735668843
44.953466335819904,31.057246397773504
73.99556301572154,52.20957820952668
38.75336187452284,52.182888173104615
81.71815193451953,49.78702895353006
67.58189464384074,33.72763143551748
56.02247225819313,36.24203831536175
58.41264928964631,53.60608417874179
36.241899554974616,35.81974890039145
46.02156871662947,52.38907958250512
71.6209866548264,46.31075323181592
40.782059912396996,52.12486854681923
65.91697635423199,35.70049294348349
29.344397158444124,52.362038635018045
32.027623812874836,36.78571124785115
78.52076998379474,52.410434129853776
49.82244280639514,70.09094183658735
41.92250169508489,53.91475775024106
70.44111240498444,54.828055735745856
68.68732332445256,62.25809776246322
63.81131847885858,28.94662483290106
41.45153120881841,75.78382360584519
45.69623636093487,34.16615011081445
54.67443235587095,63.19491496053406
60.415990132208556,61.203649808844844
42.37274638972194,36.46750457742859
52.56105665931045,65.13329205150143
54.01086951196109,57.46719149619964
69.3015463456288,78.34967966603386
61.316987434026785,52.9006812701194
27.39797532747064,48.37185002716104
46.79554537271922,42.27856208122694
36.06824945024876,23.8496709297324
58.521311309175104,45.226586528732604
63.84730025757566,45.861524086116845
51.52333978415367,53.93087273836152
45.97809454058225,28.653453336763015
51.03754689553975,46.41481683219681
53.13378910216632,58.643770880331736
40.3985052242464,60.13264513238775
31.71933348845952,22.102772357940093
19.247914361669704,60.59609912979836
69.00773197608325,46.301391303177624
57.44549365452449,47.22483683752169
55.43766517016259,14.532269452162431
68.97798331929424,72.40356743836819
31.167979854613748,52.65198327516943
23.96553686217472,27.028093602159394
55.763478747786344,55.628023623747
54.399070631651455,55.16717661270537
24.030397854908696,68.33816229399484
55.392815932107084,45.35466846063683
43.99665571400648,50.179941034078794
37.89367910393628,40.357882996431385
44.99864437576381,58.96922920989107
13.377071436222948,38.247644874874254
41.12938664912093,36.60514224379655
39.43558145773693,48.98303693330119
58.3565367040421,31.61204343044257
47.62654795233671,74.03196827808851
59.583033105183226,78.90900091612812
11.756909828949787,43.19614871867277
37.413526661434275,29.20107490164252
58.33995577357166,55.048880583530924
45.36703054140267,42.76846223046614
62.68190799461551,67.62021698792049
22.93095635916165,38.19280106705145
60.966662595342115,58.16769833642664
40.41291173322439,51.7099038408754
38.957043734259884,39.85607734079885
64.86570570391177,53.600747427379126
67.4285169493476,63.177988377122745
65.52049544130922,51.30272778583095
80.57962887572398,51.45926997689388
69.00205412665002,36.90824858219488
38.06845124401551,67.16307196856204
52.124571922034754,65.66819867214775
44.59703137272597,43.84161216970255
80.43634789923598,48.13567310775507
66.57304932048064,71.2133100903549
47.166797949298164,32.99643768428817
63.16864696629503,59.06432587038172
31.51702300530343,41.620793403033076
53.75392606468209,76.67116815127461
35.931162610953734,50.951700929980056
24.671116990588896,68.90567777210063
61.768043562947504,38.580089773083074
63.62886642781327,31.27206976513598
56.85818954317979,46.48610814198332
47.25549439150249,53.94025186920255
31.00462017730386,42.3390247697538
32.57979693924129,61.37461139412451
35.46080030391804,46.85069648284356
46.494900624126146,18.778442573500914
66.14268100407372,58.292179687895015
65.90606316617979,36.76194411279264
25.271486005806846,44.57603927485222
39.60149994924579,73.29696805309034
39.19758470642242,76.59217586181634
12.026253072481317,41.36759847360783
58.49181420424861,58.666799459477595
46.307602635222175,41.71588264366033
48.30286195053536,45.696905316520954
70.18806587563458,40.91336877652171
51.32463519926536,24.13484479405273
43.539043025509734,51.42582835600564
58.58116431507415,54.3224808041925
65.88307769863343,39.93497382033293
54.447013490738385,66.31687567155663
60.33784398047223,43.45879674357171
47.81648525385673,40.441822627114774
48.77213380460506,57.89754677162159
51.69531065448243,26.859770150412064
38.703185743510076,63.60018547554209
41.479075784455986,43.96746263908456
70.6681946272771,64.83929114591135
80.11934143793482,69.32195788743734
73.8829687105727,59.60230163535712
30.151139648471787,37.820400609075335
28.70213698122541,31.237524402733932
32.13935852082258,28.48891004997146
52.01581162819221,66.54366052551967
7.869131114635046,47.97799831699725
41.16797650070749,41.01167308203727
71.10648933741669,48.01876772691662
64.73658246093362,66.20931813431253
42.363580241397386,61.681096780393254
,56.57759233563282
58.508625602103564,59.56829086139608
64.02903132866298,52.702585332454234
42.0029409839036,54.53169585944637
46.48450967420843,53.3153784672657
41.50985407219965,49.99908131558669
30.029758379371792,61.30060825746922
46.70384377967279,55.41923159300592
45.561086896868545,36.78927453339563
31.090338260170164,57.933115782839806
59.69121406456594,53.70870599568957
57.24981017938834,59.17120203372649
60.435795512676144,48.436896295774574
38.47894466803448,62.17610470650737
20.24636482828029,49.078871737007645
57.009966944684734,60.85819529900817
40.0383092805543,43.15292726074234
36.63997800131448,44.191189188515715
31.144203880348364,59.03078784815187
45.870162078692694,45.023399093828836
73.65990945575709,83.08674042122243
42.41825717966728,58.4966748016854
33.652954337496,50.37385229231301
59.779001015450426,62.29851165138274
52.59218419656926,42.78979385035225
18.21047948467689,63.845222288495265
59.9351947962993,63.42852824995299
81.927016527524,68.80301086669326
10.991961088564643,43.38785702977134
31.464409639668144,31.659001187933825
7.272093670225907,40.847680411961775
48.87043368888748,45.7755422604088
64.85579354917029,75.00817401277632
51.582511246944186,82.92518043691624
70.87993547169005,55.16993456965974
62.45825435495201,50.14085912027899
75.53220985253265,44.75138254288683
67.40316152160642,62.370355253163005
43.95585397085743,82.82872087987276
51.0008968435226,76.78776336782407
36.96984626778541,67.0696491890875
46.54015746697927,66.84953796670784
50.9274750802718,62.484648293811716
48.72639014696969,49.29064031437198
70.13380289455415,38.95177666188806
45.047479062397535,49.68778866008088
36.01870379663964,56.3350940319703
36.95583447645219,28.195491519225573
59.82650407433796,47.70573905950687
28.952923878665004,37.6110146811309
46.98220744773624,65.20761741602212
69.91250368183131,41.75437396764934
54.38897668611246,54.923304979714814
48.880919163218685,39.49969560596635
49.46134394542355,73.96548988941373
34.55653111659241,24.488645951981216
37.14297934348188,57.1376056526595
47.07227490628134,30.841134973401015
54.0690954516394,42.360010242727235
64.22225017703165,53.09280055526757
51.388409257571524,53.83035546975256
70.29161263631372,53.439002616431196
74.07797022814287,52.27623711463251
61.92900818723306,40.37233607189836
68.37472112083827,47.539200153667835
35.139297179178584,50.47451024268372
32.76201597967906,52.93040595138324
57.76960064435249,49.01479290789518
29.88185282199429,60.94385631476682
45.644422339761,51.400804552264134
61.56787857994609,53.019889514324205
71.20059387027811,44.26021477532724
46.18676524567902,34.21337110078367
40.250835570384645,52.310433960987055
54.80692432267374,68.11169065944406
33.896848347141656,56.657918460956196
47.40082027559859,37.737590881778125
49.87999927585578,62.22110038727906
49.580240109938075,44.97324398309065
51.327552107268225,60.719809707204305
37.48227716641787,44.46806202655758
39.09510511072374,55.29959659741054
38.793256084510695,42.2225399506348
25.698584912074143,42.604212552944986
55.12745482769159,26.506019493563905
63.41986177538007,57.681122287417395
61.94465124280304,55.552544522305055
46.06254709308868,56.39664074391414
37.83492140804169,54.12995841697717
61.16471963544034,38.56624950015045
59.58384533561828,64.4884889674037
53.26130963654444,64.89168950138405
76.1646687863491,38.17643802244126
49.60361717949406,57.981859870249366
46.14665024112667,63.12486778051966
44.002740033881,42.94852589984418
26.58683440278789,45.559464661334715
59.92009946213439,58.01170112317679
48.41771949263335,27.345053458785483
57.64896862035193,33.67224167699
77.6281700313686,35.15337488195658
44.13872345143074,23.05525452761757
14.929869248126728,66.2740966128122
57.216055542661586,20.178022787124995
52.50289084839013,55.14665995147049
39.013191860430204,62.1752509213283
55.95899503432247,45.59606068380099
61.791444801565625,-83.0
35.80085134682679,53.49263676104959
45.48002207894926,50.02749500891722
72.15130594773392,65.05257293624624
39.17566713155952,10.57218289403064
51.000046331206775,36.21938785777808
10.63383250934173,58.42365325874083
27.772317483780576,50.7567116416169
52.362762459992,61.28051238795301
68.41981714378402,53.930299643594935
29.569554769984986,47.97894405138031
51.118460930907446,45.46567335359744
44.36423136419425,84.8758252381338
64.2963208248874,73.02419411047266
31.732950420161224,57.43257647142833
56.45116472551228,51.17695840172622
40.194639695056146,58.071988240301515
53.34557037239713,62.40252076809362
51.03396578462709,56.28240028556764
,38.729298149201625
57.16717769404077,76.76766151586766
50.654791014544415,53.693123416310286
48.00790546884958,80.20895045584722
44.65375198965886,52.80721230316001
51.16397584618005,46.31519971811699
53.33065322219108,70.76210186069696
35.16286879879068,54.517804371166505
44.75793143123935,52.001339517639344
34.17221083053241,31.994536915361085
49.402318658288216,59.90326707703743
41.11501692718958,42.600344255661376
61.56174721971884,43.28313186389039
60.09090466635035,42.641767318922426
36.15877154653445,56.58550752042954
49.965389819022874,26.96935589636465
59.57774868872546,46.837319859112895
47.370375197539566,64.70418486664067
39.07673712791683,31.314966959899888
33.613947079328064,52.59318441401878
62.81401342367543,40.529008695937485
63.540697224274545,43.9446032080155
46.88078601688927,74.8272839058486
61.49206376790016,25.242662246824874
5.5218420517198865,61.48445507257424
69.91331976063854,42.83107596834181
47.64582792084232,42.08504022281499
52.126648411992335,33.32656486267599
45.19223414501046,61.30849455910454
70.93561222801259,47.12893075573976
34.08902564066699,45.23495879308022
72.11690489910254,51.64755393806112
55.944063814176666,47.44569311387299
59.33996323877237,19.989681803697135
45.061931550066255,42.63763725533963
30.37671203155444,63.431613364224866
63.95766148304152,27.400753038315376
54.67112526783996,33.650931502154684
70.42435187463226,43.598129069022114
47.09335519676453,39.11564872044287
43.71152931651628,49.58171776787588
70.82132354960453,33.60384872481889
,44.1821821428594
50.14020764548595,49.280082026009985
38.70863754714341,59.73410624311957
62.157961441843234,68.67184079149393
46.18969150743989,46.0767926921984
58.988942381011974,78.32090361868738
46.1108603843187,47.24143129183214
73.4602102731772,62.43312722384796
39.507657424239504,78.97261602090168
57.2079449378294,52.089626138539025
42.66947044651814,29.39710067633697
45.77740157868846,51.36355785811447
43.81916517859135,40.82535667692634
61.079120991401226,45.88351959541322
63.77544672400806,79.77465323742823
58.36608243398557,31.658548651641862
48.38024799882094,54.50700233458788
52.102700465023894,36.834180795174134
63.46582352689137,45.385130881986285
63.93967380811408,61.172635028067255
9.645865529696977,54.772459152095344
45.916667423409564,46.624515965576165
46.636118128407716,40.25299512103058
60.03878846189243,54.74117288230421
,75.61530075730056
60.78775071423931,36.47972086064564
33.82008843454172,78.6749582818666
53.9008177319117,67.99246176087726
63.50308480175741,70.54030051366651
27.884256960227777,54.62648571394402
87.70465202313355,67.56694663264841
67.8632889929978,34.86753076324061
50.02029953698463,39.979341382272324
37.573878391418475,61.487207208805884
47.37372274589441,54.43767582835724
51.25703539417011,47.77431112253346
56.60993835218071,12.460866640888668
72.50991274190046,43.46788927942743
42.85852295835731,32.38919329552601
58.44064756358842,57.40301466967254
30.613562560998304,47.13247207149146
43.79598928512099,40.575491837502426
55.65075271804038,89.64365723936456
60.36893736513207,65.57261715041352
38.7015128500307,65.83808212034089
43.38812455982129,83.03322717023259
71.90834953375318,62.032876740246635
67.42862929442067,38.435689857907015
53.12685825578549,36.68155472462395
16.450322701689267,64.47354138131352
87.66698821535013,19.10968580337235
49.70102657514133,48.833305534856514
45.3114941296801,17.433134336653275
42.16460111218828,51.4826526258426
55.64550555798663,62.8110537606793
55.798738837563945,54.191233019054486
64.25941809689769,64.07164038455898
36.109067534764804,79.47240412489872
45.31257682788108,47.84692344106987
80.45818584836303,-87.0
53.36885949874988,53.19004934255232
47.41213440009881,64.23747594035538
35.87573351624447,40.83405928152399
57.589014587311276,74.28970969446023
65.46527325563666,65.62565297813944
63.11881468714711,72.07176953851996
46.11798704586625,50.817566326609324
55.418784250453044,31.16873653425066
75.07489154972917,56.90596159438109
66.06323438257203,24.544702800147263
38.237558867100205,44.95721294567072
11.809924030677955,52.866206549483756
54.45158760626352,85.65836438766152
61.97852190122649,54.77822917912911
33.66163262190106,52.09306203624559
49.86815716815833,49.054513639470606
46.04451401190382,29.868636428524738
51.56429483348298,51.28738760019512
41.82955569320431,51.54324014205159
69.3576649644199,35.47087256819424
52.21953320949144,32.19881578357453
36.814746707528755,42.776439758484
63.76193230390581,50.973994678590394
31.037186060124423,43.13668727927813
,34.23686825522718
64.86589136333845,54.339083780064584
70.8466294298118,58.08300236253844
47.62630441337576,51.819465638333526
42.55829030324935,41.555259291846
51.260326413996395,58.92261531848388
48.73344820466703,47.141940654095286
40.208955716547315,32.16374438982275
41.69565028811536,65.54366532502098
44.504407291003034,55.302620288997346
32.44994470340206,48.21064541456391
60.16944934399002,26.434216927479124
49.2155429364349,38.82709581297183
45.374322961495295,80.2784856857439
33.34468758587484,27.374869071789544
32.594405334988025,46.22976080537461
79.03871076083618,49.7549635646957
40.591138057076456,54.80715184117332
59.1579259131399,27.54243596260379
52.43951704850266,52.612643846069005
8.372173083378463,24.708418062924807
76.88676234707889,51.46143194293267
60.26125968164174,40.21403121485626
38.48494768542787,37.011960996232844
49.57450243355607,62.52225738001381
32.76224948894502,46.46590634954177
77.393307176917,57.10566207361357
36.38513437637803,57.60240367066726
42.15374004958011,69.04930233432653
39.056583827786135,31.87613387568463
51.20569100313755,63.785234937796346
70.55474750208971,50.24692433657071
76.84061673642736,44.32813129445609
44.01505783666555,32.76124221214576
55.67388473476883,59.098862923142924
51.228581189061096,36.16663217999172
35.275861033339126,57.767098804657145
86.33833361893916,78.91746159450699
70.44139343444384,64.69965560538992
52.836737745665516,70.87151487725973
73.72814140248482,39.21492834162452
68.18160069076707,61.44099569197992
51.227920116226336,32.83677567295415
54.8894540799199,46.49775646138079
72.6818921356498,76.1190808432868
35.807696283054796,40.88236690360274
75.10536045982009,66.67034276259639
46.62331158972326,65.23470099499572
72.87015114271351,66.12111875331257
49.921601038057695,30.994970358180908
55.064093337094576,57.878014490235195
49.48537465141312,47.65102151124705
42.022345657831586,66.32745286293667
45.94917652783532,25.17499400409732
70.6866710475285,55.51681833598405
15.287540259912973,53.395628042601004
31.41551082792744,20.148248941265972
39.11792435962847,36.718694658575345
33.82482811345968,22.547716803247233
72.64969415623233,39.104670471156396
68.86515466779807,58.238256269977214
58.88047714091923,52.930483634729114
40.43293898783698,52.54100120890323
70.02577800191204,34.403778366029265
26.17805111006684,66.80675737265798
82.12973960221905,-56.0
39.73055304233674,50.50555718386263
46.06947167237843,64.10599353419195
43.559842242579286,35.12981378461192
33.90338878851985,53.428216548078844
78.8766968590538,56.3519373740213
61.833419461767306,41.81647774559228
68.23205813119681,59.78560071139664
31.644960919088437,57.156847559443506
52.71406740505999,48.482349315838626
57.81543033997106,48.01773664797708
54.06134785324765,57.85321486806958
32.59439823398,61.827065600197855
66.13250031695955,50.943498761099605
51.823251241777314,66.8028419061027
35.67553946535496,59.877889436458744
22.171241906710048,23.173040754097773
59.0999977023482,28.926549536867864
86.75683601197251,67.73352828532492
34.77118589980578,46.29840302793654
52.55670575619449,52.46263734196211
66.65745918637366,67.08935776488717
30.95521600848048,49.90383173942239
42.800648463724634,50.55901414384023
37.097618311078975,36.969061508124064
64.77015042236819,55.549917608412805
69.88283854031089,58.797683284502355
52.38554397097602,41.33177244495716
37.373988965088486,36.169679325412
43.35813593108229,89.39433882792842
40.542522286298706,48.606372952275755
35.3409670756549,39.74461490586063
,60.59879667938392
58.62239726692793,49.238089471581624
57.35386166642779,33.713505151068446
49.87651453145734,-82.0
50.855807552380455,37.203185463862724
48.77673807365332,73.6468700323345
30.5418269125059,57.41756944628604
52.40202345474309,45.84679363210874
41.24561621818025,51.6402052703317
29.789851712608435,63.5493218164729
55.56058350673376,52.78941880341198
40.82404945372183,81.83164185850322
53.416308818882534,67.03801274593286
62.71456722604141,57.31411051341683
35.74641918282152,35.94521189737274
51.381819231094575,47.796678441470135
22.84365677404458,57.183124550786786
72.98799635913915,37.65707876362792
29.61400254666827,69.40140312444424
42.27770506403938,35.38763987332939
70.07569855645936,40.441614529311465
46.48215610878521,41.56551222657678
32.039034705495496,61.15736690949699
60.696098484298034,37.92595449243841
60.35798693226778,23.000351443714177
40.502204909521495,66.32058253642569
42.12610218829401,43.334205723416574
43.468865440728706,33.97238551772095
46.89464058970953,38.6771217019619
21.6054338461729,75.75144123776525
47.278642083228505,40.14434454090634
76.75871297274723,48.14947841934648
36.56045049144944,43.296224565709764
41.24759609795355,31.510061848493653
32.24573505205406,38.859221566295545
59.18242889593031,30.483373894902577
68.04796037213565,64.33821913521071
67.70476758766438,51.51318596920394
31.279841166595098,87.24016643261481
57.4968759574544,39.36633912514117
71.50625051321353,37.117096307815714
57.64494661565185,73.00639652532993
57.17614525015665,65.86965548102202
42.92536132047262,55.77147532656533
53.30164735690495,33.29462727367593
68.54477269559608,76.17494401591901
54.92313452643146,48.91845260344478
31.275878659554103,43.539873072574466
43.15937488571043,67.1443960537742
68.1391930833349,49.66557318119405
54.87114980526643,32.51494871552176
51.78593117364615,50.60453899247873
41.6897670012995,38.27976797643854
67.82898770801653,4.859882859752396
74.93618896733386,36.77434711774802
68.9478368452705,42.08396643698224
71.63887432168059,32.665323360604276
44.6194063885075,58.628697981710566
42.49746353939145,38.338283640068276
47.65482239751221,57.17639301251684
50.57859862964381,31.50020395447528
71.46529670187883,63.63828381623807
67.48830109202625,30.852762100002625
58.077040808817415,14.877043859133906
28.532198512296695,68.55893877744842
24.67967233104687,37.16159294403243
53.60694117202555,76.35393587299113
63.20394808401075,58.468878518121045
48.80649426520794,61.853949775718796
78.72356757467608,65.6820875069911
33.76338434329347,51.690190193736036
31.874720757566017,51.860831267578085
40.03578538288519,69.22010036291464
39.46554180213146,51.67037743547147
57.89428803022969,39.07734729805085
43.674322222347456,58.78637840243336
26.782393080820075,18.295348784225716
63.373676850426754,69.79338202340321
23.600721108918055,70.10658703947637
33.931726654839366,67.97250002184619
25.659401438841968,67.39657943566542
53.1068191560631,48.73737011988315
52.79071568226818,48.39976423260466
78.7468148152453,31.55539865343716
63.70739984218325,76.22061877566571
71.62469275013301,42.72472740460583
54.329144769477395,55.098279646278215
35.34602268364155,53.81067924432167
51.92161402990244,29.893712275937652
58.886315110809605,23.829874638151914
60.55711073377362,50.083799313010225
42.91381783837487,43.193658235827364
57.33179710673599,48.65844711134997
36.00458043738103,65.98123445304849
34.35083608833924,53.37416225805534
33.26322932921772,61.377838111470965
50.369389828351956,56.67992243263366
32.332454673855445,45.25498710140252
43.62883415193488,34.97295249210404
63.54374827120937,53.97076802170203
34.56305482882543,51.25838929019137
42.435319497435245,63.72734506257121
51.074469151642546,47.736498954162606
53.703303522984,45.539876823267164
42.510641137916586,46.557509243276
61.80290103102735,36.219100474918314
58.85678451177087,71.70364917230687
67.09784906542555,67.09443131923642
48.7759711347941,31.804552565629297
42.307717858154845,62.05922212958824
39.760519669818166,22.32492404101452
54.60541276894044,64.77933849666533
44.34266325783091,39.55474323338487
41.462453334788165,55.39850836517377
43.27569103632017,21.05735465687492
39.744642723136224,32.019436524830745
52.98531669144098,57.030544508741144
28.811252261839087,39.4863772492583
54.54524438712444,37.40055694441702
60.14823140604426,70.93792546178146
41.286812927340534,83.16438816909312
78.8305540940982,64.05520905229224
50.2643196646528,33.621791423974045
26.57985525350167,76.4527899922655
45.78135640494994,26.578516105274264
50.93984217403695,45.43262818887011
56.73451333355321,50.8216665048106
46.1385421383373,78.86056765758123
34.826445864434135,63.689887063275876
33.57529072831576,43.0436345780072
40.196010722274934,35.825655938303754
41.633369562218554,65.03288980704882
32.97538752651114,41.99961564169467
39.007802583444516,53.25110131797463
59.89187786659032,29.453352661113264
74.7261891154173,58.53886782836301
61.331925708064446,57.33042718621218
69.58791629280219,31.375699075127425
64.61177702350547,65.47434669307461
62.49695492597517,58.32118712364172
44.933056054140074,61.10036379170147
52.113663175804206,44.31981960874804
43.690709863159675,52.68434616929663
,50.95068303297987
51.022506505798795,47.777443928686544
60.7034922736854,52.55754917248769
56.349850722726856,68.84664460694574
47.57256105478466,66.1242595805589
50.833081113374995,32.27208983796715
56.5019551129029,64.7810272536041
60.01091657086752,67.86715059122054
27.21507255114196,47.73233489971451
33.839165541515946,57.626706556966646
66.60965800909014,57.410025009545265
49.086956451034126,37.25050074988548
43.63885109949532,44.27065568707508
46.047507906109416,61.262153582774104
46.04442041635169,42.56266644752823
58.369066722865604,64.63249338893462
33.37975409028849,69.57458661274643
50.37166619745142,67.15507762970707
53.69176594175606,79.69706904754185
55.94401874848255,48.63901576563331
53.3429599431544,52.65801610953594
57.738593454710426,54.8099457164396
41.40955773412531,49.094031125138926
35.872959015125666,58.13268461152467
86.85506664875771,24.331939564820164
45.48102973138646,53.07358083038779
47.23318294018148,29.338450251756562
60.167601465768264,35.56065083588633
73.94133938291361,60.993347165448704
41.83207824597956,47.0132564232647
35.01777097715711,60.46421712073709
31.367699738125847,46.688350945983046
73.89659332254388,66.59609474586733
34.42839520308449,46.41378941568045
49.5866609522665,20.67622265655315
35.34072751935547,53.38088873016906
28.27466123062544,17.467102314461734
45.61436970359471,28.20918646201389
35.93320000488259,36.75580206502145
39.62557361865031,34.88435783344719
80.09157646126106,41.82423793375572
56.373441562586045,34.36898264703341
63.97204279330983,28.91071004621491
62.36989344273879,73.12753617261161
48.48708615381463,39.82783180412156
43.40422460933564,16.538485202789033
53.73401917791675,44.58622440486114
52.526761548987416,33.12903412958669
,36.725485590607796
51.94771745700291,60.65513722028728
39.405054399555624,43.27763571822173
47.428131040387406,32.711050981731724
44.97074788223995,56.693802649358666
30.966911110913312,67.24911245913628
,58.053082439597674
35.914051250904514,13.19666642524362
77.06156996879452,33.27515746404479
45.35477326944908,50.711727959543076
61.639522413446066,46.33550892103977
18.133322853599626,45.09087269091205
34.87570898053508,35.25864960738749
29.682655739564744,28.916238753838403
46.96549984869328,80.1167257671953
86.32933220802865,50.40666429708368
56.90358414841877,59.63182683301127
75.4341879991713,50.093767603757136
46.18344908471505,50.695230479569844
70.47304060782608,49.06844900286069
81.09885060024337,33.19331211388352
48.35946400384313,27.282658129486286
41.911029331589525,55.7933806061748
30.23283594514771,52.8176361090675
45.364096121345455,64.07421347689561
51.228450128011865,61.0304123996304
80.46430426023724,37.872317108754935
30.575390388558706,66.98886963382807
50.89492840545467,61.47540792731776
22.785378179155742,60.362623547860025
43.59855756742148,83.73990187968212
54.67093036118028,80.65938143762281
57.68874729032837,60.34870649832329
58.835346194628826,58.477958087562946
55.96106049330268,66.22482772654521
58.706329101443615,41.240693454944434
50.68608693503995,41.45256113613425
34.282005410165425,60.1013211063787
22.225145544799158,37.15285866308641
41.799682673941746,58.891542282848825
,52.352482498042846
68.80897695763221,37.157148431118216
48.4909748726572,50.38799765432449
47.05146448674961,69.57622388207625
55.78290690262669,51.235556759807565
45.94982018823197,51.29821471426966
62.15812998420407,54.93477918356894
79.69000427575817,56.88782784337413
82.86178271316051,45.037393008782104
51.455609408667335,55.25391571950572
55.05338547043172,34.263944606139006
73.68284180560225,38.01393414749168
47.75056965655594,39.93276337886566
60.18788212886268,57.04644034451162
32.97259805471262,52.40349241334415
45.33741277587503,47.9846063413407
67.34171924967961,60.3615498437793
39.22706549318565,55.68293124113504
48.07923231905483,45.65034830025692
26.38685531596821,34.47153735770282
80.08652441764455,37.70436798159871
68.94542104725355,27.997858019106623
52.821493492291225,52.108543252262386
57.61269308123492,37.06791826319492
55.93847160415053,42.57015527024194
70.76467629546178,48.08613979056704
42.21799936442942,65.65992786996028
60.984014298923476,63.931858974752295
66.1612474827826,49.179372931190386
68.22988955714686,68.98255234100449
16.109436742524537,19.81477236018709
41.01088282602283,78.15830824649768
34.71244068047144,60.38749571456877
52.243824283560286,51.54204927529894
19.759546707285914,36.62960478871905
19.315656635815955,43.42898950804303
82.5514248781439,59.14026343367062
59.265340823950105,59.48119075297121
51.815138647982174,60.02590055886181
55.455089717584734,39.07254898450309
52.1951138562377,36.05228430477185
64.96025984827288,52.9280786652876
40.513337119040315,61.547809366572096
52.79922239110354,50.04777274257288
53.41131901906573,72.2222637032775
34.297130623124936,50.49706193285167
69.15474588594579,49.989370342505204
43.31484890147886,60.05839986789004
65.26132504713351,68.28845206388058
51.723690895572204,29.761171102931826
74.50377248613587,33.229824379466024
34.37931367217713,45.30107843383943
33.72861797734325,97.38412676882996
36.41456613493537,46.077971561886024
51.99943325771561,48.17325585484147
73.12202593667308,59.27527894711877
73.89640427247875,64.65393354220211
15.3504709934234,52.54677674682134
53.74560741833808,67.46521242560385
1.805695842274659,32.0904322546112
61.92547690677552,38.50867362885912
66.7725412234281,67.43730425869458
49.39633587961722,50.16414672175211
51.25972366242132,31.06324092487003
51.1045833941036,30.16193102574189
38.2333712188813,37.83588791982943
56.4755867798222,50.03188313236875
46.52887997520114,57.01069354590183
63.95437563934428,45.06410000083791
48.29559598221155,55.774987838592786
37.08465340267612,43.44400269959577
26.962029937017345,68.35880302425376
22.03902762416432,88.27760141858533
69.68764015931653,44.11080901873364
43.133159707114714,57.19899216198419
55.07861285122473,55.976162362251685
76.74844837616779,52.080431393898884
41.55793503053163,59.79876418011937
40.587837734282694,57.18231783469741
48.01757371467014,42.93419644422658
50.44149050629989,69.74818658934032
78.3132702538377,53.02499371230164
73.4873089114117,44.22799370254455
59.31313123860121,86.64803785771102
71.74120653495302,48.256799342666
47.32671481148216,53.82415762135624
54.48746850782718,52.63160516870505
45.47729533191958,48.051580835731876
30.644474261305408,56.72997057566023
68.05812112690393,37.325001363625624
57.97548100984791,58.94815079784586
50.271102101354955,23.624689574113553
49.96298226031737,30.528953731143062
27.406776936402373,77.38586820752772
35.337870002709266,31.157299599173204
55.04229755171038,20.600617219447088
42.063309990882416,31.528757464007185
46.73430438173765,76.10085903795101
48.430159028313476,23.122073895909274
39.76296846474334,35.66278726112674
35.48122519963924,28.1271127352452
25.814635536119397,45.888062043649875
47.80222581482689,43.45968652728895
59.279128214154255,42.788652399094495
25.345487866700747,77.84200699107706
49.63928262350261,32.01387023543678
54.21714879037341,48.467183304243335
35.15629394406283,55.07901869481101
71.33212717322132,35.29686106891784
44.21426946442388,57.29884971869904
48.48110467315233,44.002842581700385
47.58095749103032,55.61463599284784
23.43838366113416,48.380011227115205
65.13128107526066,19.242031616505436
35.667218473711436,69.59148069148611
46.452192268913954,81.05687473031108
58.964915019169936,47.3486872709778
71.91355139216802,36.53071922200094
33.80101577154741,72.59019081763532
43.30274621608359,78.35574354301207
70.7362794501073,47.46806882615004
56.955708189131705,46.71979077169228
60.067570385774125,48.801333534927515
34.23302396335748,-73.0
44.311857051101626,45.63311181960158
47.48246851429354,75.72412831323868
37.13157863985539,-77.0
24.881455614891394,34.39948208191692
42.34252161854606,57.4502842895672
70.31432299376644,39.99201802258832
50.88760198340744,49.0032181449811
70.61436370360065,30.967268291790813
52.685313713442795,34.45063758219902
38.52938405618056,61.06488882295389
69.16428519847582,51.738001691016315
53.18489211001848,38.359139197357756
64.42758248641096,51.79302695457354
33.97507743319143,40.892799369091115
65.58134434421754,38.24359745944746
66.03333913316298,67.46051595872459
54.34650716534803,61.74316329783158
37.89616871285326,49.680907255533576
49.309867569310825,52.16506005874555
59.16936720857366,49.87402973998485
53.518550299048,57.305138887603086
59.01624107161646,-77.0
65.18368861479358,62.937571000529644
40.27330019942118,55.30348756836219
32.67386568559792,46.054154931656726
49.43691797941637,42.683329527371875
45.053852616951986,62.616964126502126
61.78769619734225,47.742705257748405
33.88252415511788,39.51660356255244
65.3057281126652,44.231453495385146
70.30418164320149,61.5380697333374
50.00457446393435,25.8417019813094
50.91104188371957,44.668866416292914
38.486802481547706,66.05874004513646
41.860086515389,47.47674841845113
,54.09225098416762
71.64410101756897,66.30153446805792
48.92193821283839,63.384944800957555
30.167405650399875,43.39911840440117
53.83031513168005,48.044096716942455
62.394351869334145,63.5714585259352
49.61882946017607,64.09204230925847
72.03820159590484,48.67924812027588
61.66263000898847,49.1968152156136
34.263069051682194,54.01525541800777
41.72850781405397,70.50351035025939
53.393394221369135,66.01349180986935
25.00716142960089,60.400800556985274
55.04535106205922,33.81996085904163
23.576263591180275,45.87749890177615
65.35150183346765,46.66569989465146
63.60910527187563,71.27727548905209
57.57172041372606,46.41703413230543
39.861824534715325,68.8016423461642
52.553042369203084,41.43951994203374
42.299337687280264,42.636740635088614
34.537770838249,57.22181158719711
44.91885482342884,73.52220058357636
60.47398304738143,46.82334306098184
50.657212892476416,11.558482072082029
71.76064886201635,26.537248964916696
61.48670809220412,54.46942334246685
59.88036220858428,27.878059598273477
25.866101758315942,37.016557604053816
45.722622047670825,50.185129259573856
34.034413843487,13.259491313803082
47.25495680564144,44.304113160118185
39.60085814115265,32.527871632095966
44.33592570413092,27.512304231488745
65.91744098560775,37.9672334117291
57.12874893508751,33.96186612395853
65.10671643472452,57.04220326988454
25.989753364760215,67.94790180024326
50.86962044923495,44.53359722583406
64.50057472094902,41.05811331429746
72.59443872330733,43.78692498263152
26.778674154612602,33.37719338092306
44.72774545758245,30.66887156570483
65.51340011007144,25.31668320659994
47.11582530782832,30.057185625227397
36.34373488745415,74.47986510668943
26.750012322559886,39.64368446954813
35.769476980052495,5.875572923543558
24.666474971544066,41.1941459227849
50.87690685251039,26.143781948587677
63.444652786679896,50.89227409995745
31.08537861637094,49.274695171444925
53.86594611816579,50.83828456538082
62.679065441688,49.38910881882223
,44.409345430703766
25.83958557624132,28.161558176900204
55.793173319937544,48.880188920428644
49.18029582853295,65.28386883703541
47.65243027098717,77.20509625692806
41.797441313593026,46.430130090409904
51.30181139411062,48.05585082074472
57.6472686267044,57.506407686333404
85.85972201503773,72.39862339208156
51.68498102580807,42.70555084243179
72.6671174001901,60.38976975425506
55.36632625140315,37.657711017134176
48.5070750852837,54.94773485398254
52.22821291566939,64.55906264927556
31.673954454612357,30.63709090178305
54.58790406128057,42.122829169726735
20.119024027679412,64.32174645042502
37.06000463167202,59.242418457721925
,65.53919210472283
67.90973409768267,-52.0
71.45936595497591,44.883447081249415
46.45180130538598,82.98785222592036
52.335759792956615,52.05364986130092
64.76543704373042,4.164365762836994
30.057596417106218,45.76480441434051
56.07121257973255,42.96243114501007
37.58160698951286,61.928737510509166
47.42262432984922,43.232220272028044
43.11465124258527,66.48454993728706
56.53037190572221,58.37149058610061
58.25455511013635,34.9986430779491
63.36618016096096,47.894399965828626
55.22298242696672,38.36699833586899
52.57480654953345,52.77137970280504
77.81035700657903,38.27763699147319
27.134613947042343,51.11652845763593
75.43414790193859,45.91541373514383
45.65267136697405,47.71665117980264
58.563373795524576,80.76410569697148
45.11510479109599,44.59272159939193
39.46187555672561,20.983503685742146
57.26865789191343,65.23739217101522
65.63192462921666,65.11933852703012
57.095119324511074,20.31589739304761
41.86826319975677,39.486505681878995
104.17025094223504,56.537158352697844
67.97860506299378,57.863048918256
64.00013456310879,49.92914354820919
44.70553653886694,50.267380683999264
40.62251317566441,35.921181903752235
45.80241386235591,14.002269298164698
66.22109816588724,80.74260977275304
35.14093494386258,35.46999083439928
33.97694252818525,52.64758535096723
58.093213000415275,47.61728006510996
54.78794666963181,63.45796328410319
38.44529693163656,51.72345820223238
33.63194632377163,52.301614296379995
71.56845490052648,10.485226279866062
55.35506637949343,37.4999139118662
29.54696204407951,61.16949569898496
30.595616958765593,59.820023376078936
44.57732041324296,35.725207645741826
60.9926271049645,26.32957125918317
58.9251320316242,51.89868960084396
66.97517805501826,6.398389268062779
27.64475288808804,32.769886214933564
53.35770034669485,76.40241612732966
71.38865498482042,71.67600993310653
69.99202595714148,57.30874038147718
55.38364972119029,54.61004471721885
85.22027762980814,20.747438232134016
59.1392767462379,38.88999145026325
65.64119949262015,45.572471030513356
50.6667187816326,39.20879375748217
38.28537060733569,44.746349976382035
36.87186198831881,69.48836636519441
52.7242282219163,41.87265408093016
46.8274698972469,44.885912291648516
23.47121495129778,61.09296930025627
34.61309622611388,28.70786422095795
45.223946389188605,37.3969313174173
60.90919063905739,38.934161183647355
49.75889170756888,50.833882198276214
48.91903684249229,44.82556898759502
,45.29988635979299
50.34749120093148,40.02719019346257
69.78651541168982,33.937546096778675
52.333626691378356,59.13714386315866
27.390296277772073,44.93293821556618
31.227158085432034,59.285284702210596
58.831833158347294,33.32559004278279
46.6352678716607,40.02136763375536
48.88129654844729,46.682254582298505
40.808987374778646,48.08199444775684
57.551183182998685,61.31553088898315
45.48623430131976,43.542360656114624
47.20080167407093,61.20113364216313
37.2316491250531,55.62416012839542
63.825369472141546,48.39721084875576
46.68300812575368,35.730518052552206
59.1182049967964,61.3531289819498
32.09612653948973,36.10493799029524
76.00824707567912,49.680794297640816
69.16061057769834,49.190893355958806
21.3530349551161,46.89357286074076
37.970937874044274,44.160204155220285
57.164515865148275,37.66884957557493
30.20407015776494,25.745953439448826
48.026088767550114,71.05707099260528
56.399476789651956,42.624148036141264
47.229111320307744,48.07831857323796
58.082580553056445,47.98658924099089
39.600051430971774,66.43406505843123
16.337276867478167,78.9979133227646
64.73172968247592,52.3977112938303
64.63721980403795,47.644959973146236
87.55454963432499,33.14814489260881
16.892202230985284,28.346173258808527
61.26248164020223,23.390376055338486
20.469767928749196,38.062325607147976
76.34739922512979,18.637178040303276
57.31800250544014,66.18244930610169
35.721067284856204,56.34644365990137
61.70333711902153,46.2253922797283
41.70432488424596,66.64075971141185
54.50624149326904,33.93265883895087
53.08941074313626,37.70028416953168
76.16252204220942,20.99310079547383
77.22388865129768,61.61530542530318
41.04101940089741,37.84488070536089
65.87158426994054,50.23543419913736
55.322602333554464,65.03864600862016
28.809768994896324,70.5627613324913
39.5565742944173,49.56280472764144
85.04219149399435,55.76356154407035
55.367816016569826,36.44224630934509
64.99669369276283,75.250600145113
46.819335314495135,47.50774159550951
41.90087127920987,51.204274278021806
50.40896761451712,43.89720391605161
46.00843917130674,67.98873497620635
27.601206034526026,52.99390884624784
34.950118138189524,61.414018661204366
60.61826771618347,55.30937209968323
44.28963966346384,46.693859251759925
50.38557323041861,63.94202841949387
53.52384575745816,55.179742918630716
54.6957507322808,35.58531408729149
67.19868591973056,35.1618292428593
33.51956277397202,52.232400935474516
58.55379085315437,63.611868535814416
61.325416902794714,74.59130822759604
64.78777668502258,23.34179813628796
28.806236008776914,50.384897736480816
53.822288275204976,57.344714932624946
75.74113919597775,54.43503702492145
48.51319221265065,65.13990657550563
57.25242052946437,59.833009647372535
61.705933918777774,35.2174972462949
34.61795233402609,34.778124669639034
,54.686822842275866
57.492511954533555,64.85758136633788
57.792542212901395,52.15126329429043
25.069589329841975,26.331003956475826
61.9181719731997,34.29242877025591
57.59615512068706,60.37273783797996
74.36286991583097,44.77032363624301
45.3310217854347,51.76935954804932
35.185125056023374,65.98127058727636
39.766415078385,31.96686428570067
42.42532647489052,43.78636016147069
33.217302228029396,42.156907799390844
69.3524003564899,55.331038047918
69.915467943975,61.59332267407988
47.06312448289917,27.795988146518276
44.10860116873709,49.91695461250596
22.76777130021032,63.03993656069318
60.43941882955407,22.17820322808747
74.80160163238764,49.03411337840589
40.442079241106654,31.76323338825158
48.24823211335403,40.37649644675701
56.514371919735964,12.424481157777173
75.86627540914859,70.8910117813254
52.99664332752642,44.66256308894731
52.93144874039778,37.892122039461285
52.68977751739705,54.92400568185725
28.624512396444903,34.365346509691264
28.29814019255203,32.94133206678059
37.88007246327691,72.65493754720592
65.1933586105606,77.12994542490199
44.969643941810105,41.11904491576277
42.05593926796561,66.01032064874269
41.79238093784348,55.3406066598213
47.93514682290984,28.792530624344757
75.53161901152461,36.07802159225322
47.73203921454318,73.26649698795403
38.205538919377126,28.59807450763735
50.378684436224496,84.21499007112288
76.32625408642305,41.429567361323315
42.45762921596576,73.7122235943985
32.28492487353582,45.41654308035744
42.48513095404374,61.99855387251727
51.9314560452265,70.92549710181034
60.3236142623801,70.84930726521515
65.10325368023369,41.234517038105444
,37.13917850151311
35.737319983113956,48.781819853732976
45.15106610918765,30.492805684490328
60.26739537045344,53.58896263415838
31.099881535216166,37.68805021583727
40.89009634373454,66.24064660314373
41.10884405882078,41.44831375672793
64.12623283046557,23.866115457799694
57.923911409966564,71.01372164253945
63.5557754157488,52.75052004997795
70.08016961349581,50.4370233563011
45.41524857366379,66.41592177419314
32.18890767719478,63.07364753447236
32.2855457322947,38.57219683984361
22.428386524117403,43.253275909607595
43.11849755500711,33.30567124910993
44.23666077752392,28.033219173127772
61.81330110207571,58.67888802373084
50.25371325764906,55.88276465062523
42.64507333486091,61.41243817283775
48.26001910759121,69.22408162243914
34.415397744278536,61.61712192388509
65.3810985612693,62.95189214457887
38.21126655785737,18.830581127417943
32.90103092096157,45.39522137112509
62.26822950061205,64.4686474200498
58.61246312545777,32.47686895692175
24.144719321614826,51.37507074256646
62.825024520653336,57.79196660920259
38.87611041358915,56.6428024075773
44.3884320865412,55.5319446193745
52.805301615409064,58.98369078568363
58.799373239252326,52.71115842392329
56.682187620312895,28.0560768891348
49.25272503640996,57.6043330310524
43.63035006626134,54.27119840830616
56.18331040348171,28.253773237168197
48.22418243983658,70.69602816629856
77.08031688688887,58.00756549622061
58.796135149548526,29.29477518533812
36.14876562514468,37.741622540417744
42.83600072939523,41.539219373807306
50.72288265889744,41.52854841799027
,54.39575283227663
71.16657513668203,35.354723734126075
44.057979194516534,66.92205120682902
35.99548675115835,65.68705177051987
34.07753538190719,59.28975964399385
53.786431358236705,50.663626630907764
84.5567646382624,64.06171272727306
58.08641156382653,45.86078415793986
26.09131209973989,39.13266707925186
39.10993845130998,67.8516446842961
40.641286972326306,54.76314135528514
37.66996219827638,39.73913539127913
44.181592625986696,43.73386449437631
55.54092291529913,38.95358024352098
60.2297175398397,80.33262288242906
66.37645236374965,50.06147656175787
57.863038595707664,52.36656966880503
20.687746395067386,60.81828571792911
34.1404311870303,31.769585260894914
47.628589447112134,66.44820899429335
52.20919783651218,40.8823080381822
62.921275398143855,77.45024429172723
50.64776264325159,45.3101190497811
50.760608807955116,65.56460022144779
53.56696044708589,12.548028243213693
46.17467391828197,32.37300385871045
51.30327709816717,45.59589261503561
66.88748268517625,19.538255028126635
48.741336518239955,59.01326673262106
49.54680909823575,54.69437188154373
49.496218928492155,35.13758525210184
69.46660720686754,49.76062055203252
33.37920009755837,62.097158448846876
76.63770342186794,18.45425724695039
32.3542721822673,30.897664756480147
,44.97367551164984
61.171074045729796,50.355854399487136
65.45475043210507,49.120828675976846
28.94751474502268,63.33942178153566
33.60947205129371,57.158168684830954
54.16764214207772,60.44952260856589
85.16629081645695,29.151864007934524
68.69394171498021,52.1723578219907
46.278544255522846,45.39286236143084
13.713062928863657,71.93107822503151
51.22464101631739,52.6159345606685
55.434452054698305,39.96419097925956
44.25957288375795,62.787519139325596
37.239140141801066,58.44946693796972
52.387478904820824,37.6759749103928
35.866082091590584,44.77265445846238
78.08672991213086,45.02830310587458
72.75117196300725,68.41191638419306
59.868689473891415,53.04862810817663
51.34565853678975,60.90173717840258
40.097538700796605,42.60092418304876
49.68819224163648,55.02200436709162
74.58945702810914,69.55041354394487
63.02981087654942,44.583848521240284
53.05538417714689,51.727322057566646
63.85961501251393,29.55040615643589
58.18415995071243,38.516628651349585
55.94416309830308,44.98335662003265
64.70844888487304,34.08741036572418
57.755414672371366,69.8296051628277
62.878272051550674,37.4298946963773
52.42080574451764,61.801978881758686
46.18811265214845,52.80254356297215
41.77755681589777,50.462779227656945
39.99035591793562,72.29245467447737
25.922443363377013,16.090995546086305
36.32090079782503,47.056926547653426
35.88719705626728,33.79429495151837
42.38982206023946,20.578693863004435
73.43366315957437,32.07902399363463
47.63657066669334,50.258563025046065
53.62650334826465,39.119793061903316
54.09979466767891,63.44920384737723
73.8137136926355,46.79231228088004
41.36621819232063,45.12892467918586
46.66216879612907,45.19578574240861
48.40700942338725,48.522583908056916
67.04802283662153,43.72282197585871
,37.23119453653755
57.11875729540917,64.83777325964054
68.4936406109282,40.63857424416581
52.66491494703484,44.247100754807214
47.410951285747664,-67.0
67.68086129878432,54.781118692358795
57.31426512850697,36.59842906480925
38.967040011386274,61.324729161661196
64.96131407186526,58.06505509757607
46.87261053469581,52.669622512808814
45.03764715913693,43.53024724127762
63.39506552299568,43.89903964217887
48.667517887326305,46.97304345497586
55.83437804060434,31.522520883083512
59.92909376106199,49.410973271045656
38.25585381091423,63.381530606704985
55.77275847023303,63.14556784751035
70.24209657892436,44.2872234308532
35.65299284390585,65.96124909088304
56.748633332468415,78.58856831794168
37.557983981295685,45.25688697105759
65.32096525760598,60.37272059648252
65.17858375624657,16.05785055963812
44.68516489626352,31.127799077270133
83.14442978286294,51.3668154400028
66.59937963705926,34.89900406222418
60.60393477704254,80.58803067083673
59.75916344159204,58.9681953094483
64.75890363809336,64.48747470287195
35.0653638913376,49.56460390759119
52.91911397691536,34.95187970204522
55.74785578065991,42.217845767376794
43.997959050461596,53.815707194395394
56.97192904165948,40.43126992386483
,60.06787987590799
43.6734636835114,60.67122453806958
49.18363549443042,50.07471955909382
37.691220562190836,22.615473694745006
23.195164852838115,75.72177400498938
61.683982707807665,46.809907149657235
49.61399307741129,90.63914972706554
50.71369125729181,59.78803544528292
35.1983957273971,46.850673849019145
,56.71732814747006
66.44890683773185,19.71071724382082
50.0123200516919,65.3921360485395
50.437756370831195,88.50411856294214
53.11292416795134,18.661497892349317
31.454268073903158,45.68886485261439
59.37380696153535,48.41992815812711
31.17202827626254,63.12842943744596
35.9057662808146,81.58963511248305
34.26177846489253,55.74323183893347
47.37162550054182,82.12687736323291
44.71320944693214,52.556487153269934
49.98162442537618,56.771357281943445
36.42115760335335,54.92353349240382
65.08242980459568,68.30449674507629
62.510413530894965,43.66518412834695
47.392797306624196,62.27430138142263
42.82449925118093,31.538050906153593
41.30963759982201,45.73243843022886
45.34782507483981,40.44884565591788
28.996321568732352,51.31942337926913
35.60589031682239,45.25880375894327
62.9018058797745,66.98200538685462
54.527187291138034,36.81997857242536
74.51411728964797,24.03026096283481
45.51207274746018,29.64074270432664
44.57730159339699,64.91252069451978
43.881516131845274,35.45663985025667
45.21253275172747,55.96766623281063
40.10068980280103,45.57818745127881
54.064823220308,62.36366082129883
50.43656100722617,46.538514423250845
42.351282472425915,91.46522774175705
68.76723369528354,78.47175523727756
78.44874383729461,45.27184729391461
67.49865808360101,43.21798116357521
58.37186019625092,96.98489226212692
61.426545893956614,33.817235580071156
77.84623276739502,49.174646781224766
61.40478973639136,50.33673379558141
41.22221221101073,49.964931532781385
55.88408789975823,23.919324192042104
59.39366399094977,57.449036145139104
35.079240889461204,35.444748629115246
45.72603772035233,71.53983686253606
66.50587736083199,28.160524363480672
22.647608974256208,50.89198891063214
31.24357182439109,16.758190295721676
47.35389419557509,17.684244404889142
55.30519393258557,37.40972062561051
29.635513325766397,39.526848764944575
48.098161225010884,71.98589619484153
67.3065280863285,49.39112245607153
51.02977185611425,69.3861035136733
64.08633415446695,44.30320107984985
41.118288179974954,59.09127774320497
37.85124714816227,39.117870246216484
62.73310745427571,38.097903963520984
55.538983019842846,22.68724791623158
32.21605988338311,55.03630990776912
37.987386257558164,53.93125122050225
73.46871861586122,61.65969330928778
36.13167170796026,53.22377430712093
64.01493120088996,80.39293965790951
42.82719954149451,52.640414550162646
49.95236214849303,64.87740071507181
54.41888931415058,45.13836375501346
18.48528184250602,36.37294948547917
28.059239968590514,60.765427552799544
51.29499528180744,48.66278018269489
39.13538654324179,62.480645688944314
64.94871942911934,55.294048127670216
25.90818678697813,38.104800098147656
58.47882584386981,66.11506816515544
29.356681693935105,36.932150693229985
44.71842508783357,59.37989394943257
34.03433353643054,69.2241666728878
78.53644820706796,44.23107742377263
29.907617555449463,67.33991680508473
48.16910456946465,55.964252510797884
24.09745777969772,62.77915667594395
73.99355183105885,37.448664633461206
56.019236242658074,53.214503480806215
52.054596343980016,28.878780349632446
72.11469408937589,75.66950772965696
52.211336621339186,19.790025176232394
53.293570342116155,44.67872270556725
51.97587932097727,36.02437108700567
58.45451488164679,60.12050622803356
42.613379241181065,78.85918918894878
46.78569038955001,59.823726480312885
62.15501942686169,94.41925545427027
54.16059427336823,29.330897351617402
48.286341288468115,30.48223801207152
28.992164134539316,36.60328652576899
72.47075426804892,51.81867042943859
40.07818835073844,34.596164370751254
64.80855857628886,38.725058685424614
52.63630477532128,59.30725285890932
30.598242159051946,31.412421753292733
68.78413216295922,33.002059805448475
53.818109695993094,44.02191870514892
70.03018035105563,45.43335393741018
47.26386948896122,65.15023575831974
60.560768449505815,36.490403780328194
23.562093329824794,39.195800238186536
42.49676204609364,58.725051744185095
30.905100016530927,62.020914856750736
44.378242249424126,71.43086700689882
57.077176092592175,57.03680532297131
40.93129868518781,51.9554608994274
62.957631404581726,58.625576101192316
,45.988807911671785
63.27854920474968,45.87848608436782
69.64635748811054,23.388345315818697
65.20289202636478,63.401239350340006
44.837164222553405,53.171884175776206
18.118196030837858,61.65558899552458
58.73250495106022,7.762842582840591
48.12147927927044,49.29347438159681
35.3241058980897,37.16177740433551
41.655814026943844,72.5204375723035
71.51637974667202,59.213253732257435
32.939896990847686,53.5135311621584
57.024637634318175,43.521005459884634
53.26937263456106,55.9581246519747
44.639185030051515,36.07721555932844
59.6679903096957,48.50411978471352
74.48367888348298,41.324549195188695
45.56042744170703,83.99734482472537
46.35228577884348,72.04921634286261
59.330973574853,65.94571225974246
63.773642321525024,27.645334667687635
48.08439189277047,62.962356684260804
45.41939395859528,52.81500012712906
16.735302189203594,68.3519020927422
,54.835926426904095
32.910324918986746,49.899235009425446
60.26937494467837,53.50676444504838
46.341455770987366,22.915500625661828
45.75467591691608,38.48895091748304
49.864156045655285,55.60003308054908
36.947352948119004,67.09082537609873
73.29870780033131,41.74260325531823
69.47290867544916,49.38789680204099
74.27160174571532,25.985113329869147
60.25125846858337,71.88966220030639
49.55782827467094,66.70612598349682
74.22093954510328,59.78153927850798
39.785497461305305,56.102092814463354
36.93186531450481,73.28823597720196
40.97732727845211,37.92483513027924
57.843069003714476,36.30257665510012
38.56842209918491,65.92279679384643
47.66940517673002,64.91470072562187
25.972170591728354,32.09756620866272
57.21646498142366,42.02960177634701
,75.33639696616083
36.01758417701957,56.175009923238555
68.25750702344966,61.80742277027258
67.70477475479166,32.61430186205965
55.614696343197465,59.84966786805767
54.134953726028456,28.706876813436796
42.035605292686114,20.302679515989723
38.40644504386698,60.90235940271302
44.566374533639305,71.51667754451734
27.295187383065233,46.193208863762486
53.78672832430495,41.801739772183126
50.732466872126146,75.66272984369556
35.998680999346,47.07824946328088
73.53022878262037,49.01346914664111
59.10370565430572,75.40935839660503
60.37762706013285,44.69622780457685
42.68990110941252,40.189585859827005
49.980048829605145,62.232623362056316
59.41059005281133,39.32215768431326
52.291735506503535,47.83097692816727
74.02851177154807,30.212620974317012
46.943186458748734,52.78095632564769
42.43159201645834,51.021462308046395
59.51379314707139,64.52030412084716
31.03029091570232,62.85884804992596
63.86445398462168,58.27277012704373
30.489322991120257,55.913835391715196
59.57876999087825,48.90118829371488
40.27589668741006,59.14333953493705
57.148762204750895,33.315017394965196
63.610144190915264,14.765508922185361
52.30131793255878,67.4287650681934
32.005685725389796,60.1124069337187
36.54837133239272,48.09520348580128
39.07011288449327,66.11837912668979
21.57489659603339,39.02753874580209
66.91216788097893,39.41761201875274
51.65161378634493,37.33793414458749
32.96722932216508,58.514329626738274
71.83512286187536,26.255628841778705
39.48007849792755,38.49557589826938
53.75858733612307,54.34572534854203
37.62094182205698,31.937733861160833
19.72609770006458,40.09534391508222
29.53339161723109,16.826486343281545
43.27264353700353,59.08709974102306
63.47445306809072,39.68247209986582
55.197997202288676,33.51078124788269
52.10307689256868,30.574659110621372
19.849585658826772,43.7267973169235
69.05129221520141,26.297666196628406
53.35519544743334,79.13569515723002
48.2087349516176,14.228830742465213
66.98634664983342,43.24071275320265
68.7124508535241,51.603603939368824
67.31885371413787,38.369314937951685
46.293702549450686,53.18197605939673
34.947851588237064,38.00597637580758
64.83384375713109,72.95141695509724
29.524183353943744,33.21684478835335
79.20885107996423,14.731640879775213
50.41999317791844,30.522502243200176
34.086736164506235,55.79742162220568
31.521971687650844,48.23113430676703
30.835927639159106,61.28199361973175
52.10544360081265,57.526169250664495
49.904115199103195,40.45579475412194
31.461167397362104,42.663747593066795
44.65316320166147,44.22006836520161
29.480969208629865,78.2651912524498
58.83952708916259,60.36233472031054
49.1811010083093,78.37530348767758
44.323962411238284,62.61169058512721
30.67833904898709,49.04624907617673
45.49766599665852,34.709577695215025
43.7790817798051,53.02279506723116
54.76590051814395,49.08696241675654
52.50526967175441,48.595290719926794
61.88090153119013,46.86351384651125
42.731351847424065,19.213059386356665
22.093827467052584,68.91259724801984
64.8663931489706,49.24319766174024
35.95951230427729,28.786203259570375
33.396244204771165,57.22644063610468
49.35325182329372,37.162457470902076
54.53405769431775,58.43210934456174
42.03745391427976,63.22484690768691
41.919609777978096,65.29454736003977
44.13460523351667,47.586249100177696
71.24810526489715,43.79333407972224
49.959828686628015,40.616924596029946
35.480557408073054,39.161658673092546
35.63324964645549,49.74154903683624
46.23673730626446,46.85985406412391
53.56786901042011,37.620442762667516
57.25970242949286,32.84322869295643
51.86237905770823,48.368658616121266
37.37189973624367,43.48703573084254
43.64088050658826,32.879495400772015
61.008618227969365,62.45856520132111
32.80862059320357,76.58139126237873
43.013699103838064,64.43882320976337
58.96194286822029,39.19717982485933
63.129221399527644,49.24655473115095
47.10626943362926,73.10643427531191
43.83189784143776,32.394505358337604
30.1682308783439,61.73892690027838
57.88459884090641,28.278751877840154
69.78169527720183,75.26056441146993
88.47731087899538,43.54528212873515
55.796692752770696,83.4356558678572
49.236805225340284,75.92095697962745
36.20284080273639,48.40354235627918
21.81714629385276,39.20891940334384
52.6543887460975,52.92163207836371
85.25508680231454,47.297615500301546
69.0621834448537,43.97649554621611
66.74846403670698,25.128301181325543
53.68404225586873,42.281696245181195
55.39284740420483,33.3428131736564
13.643790225830337,58.27471559637855
61.43765871145995,64.86606974896137
41.30989145636276,61.11026005885395
39.474089801061695,55.13562634441261
45.15114570427089,37.206393992886476
44.64493265823478,53.08101158902865
39.235466120425066,61.89147715466564
50.208081082639644,41.206466384004045
41.6258360568792,51.784796320925096
51.50484433634219,47.81807616095115
27.692332781749506,74.93550004415727
46.78913344051974,62.773222028967865
33.55556615470623,59.13739417622587
40.378260222532006,24.249593990518477
52.15098264550296,52.59255990151375
25.940035778675632,47.67479856613145
37.66388934091794,47.545143341451904
58.53446577254501,26.548797908875393
28.802332372012984,33.68347066553646
76.66800710418211,48.97973768141326
,66.71533667285692
42.582093733215814,41.14213145240865
38.19185468322405,44.00091909343599
53.02909855003223,76.71637992929311
28.288066144592605,45.547664162482455
19.967859127513506,48.06815714219629
43.109973139211505,48.271328269223886
47.989268502467134,29.81742280393234
51.416408365302956,58.57697185122672
40.77889075823173,40.20685822123492
69.1092009421242,49.54894074440393
27.572905122741748,56.66559446626696
32.92606797562851,79.13836383553088
57.29953934217217,30.23344933180635
32.57528921544288,62.97473277599336
31.99519321704025,63.030848842609515
51.850321883107455,40.4267784083109
34.19716069525953,58.99255772077972
48.00373358118969,74.65154226937838
39.50215160513365,38.525431861813374
37.07504444940891,53.62204695702732
18.465419129825897,56.07202045909678
52.09344729232006,58.01268282430325
31.29215011830607,61.53937641074019
47.4763669470422,52.494572423782614
42.318426524771525,57.701542795220035
46.90237911950175,36.32789524814415
47.75486938980109,52.46005240459336
52.90442376377395,42.854881014792284
39.083610477628355,31.552566422688685
68.64044718910053,42.36283175844649
22.28899908716635,54.041845882970875
46.60113322209156,56.5369591455529
62.54346464616301,30.973113186158432
57.151588295039055,35.93484924912694
35.377466352071046,60.869844195398315
37.87631760517964,57.62222138923795
34.89811161010094,63.306539930695294
58.98841445996584,70.51745640764841
38.90114407226737,58.06830664385898
53.826846321851754,43.77788559243692
53.96452121113933,51.722741871228756
85.52590202353058,74.89845651391073
54.69876889702555,91.4667349667808
37.83283977874305,56.94644548613539
28.097746069004014,58.0333120821696
45.86220928043382,60.88562550496125
48.213712363590226,50.35689268729045
16.839507089141662,67.45780853513936
39.2921875956048,65.12067939099276
54.46028814241329,55.31564670723225
42.01466494600738,45.22970140991577
64.52935678558755,27.189554189342946
26.6246533291922,60.98620321421375
60.15324230229825,53.19287472839156
63.708346122889296,38.93348404018848
64.34744713762305,33.05119602508059
26.51215423018432,59.921492740748775
54.71829193786076,25.981455175745527
39.96868822217728,54.49461781165708
28.907863370256482,62.653256137533404
43.79198412539437,58.24839329624935
36.42533012148786,44.1389033846234
63.811257022458044,31.259382732876286
57.69595014520354,58.80528859692785
32.713332978366985,68.0078463793013
39.13668029253606,41.408999678854386
44.289538615750644,57.60362300439289
,73.72272678097714
65.0956741220567,55.08270644662415
60.361734897209494,44.046797826833185
50.7708795346226,65.61280310094737
46.090267251576165,38.93658538763282
23.39968948088792,30.527119774204653
69.37996439189084,62.18481786718969
43.293551032015145,43.90756604774655
73.32260360639386,45.252184789944735
52.94163938197753,40.59589046673393
80.37926312932167,42.90773906668874
59.09482300049474,71.04550141290298
28.519705531686817,74.937481486755
40.78376779608182,76.92467954216914
47.462975589920525,66.35180931766268
36.893256693375136,56.99406889659856
44.34408774226934,28.5157161210033
29.49591262126836,47.18712945649475
50.08581921648683,82.35131732935531
53.5611792351641,43.46567631871019
34.93835889190822,72.71216712158412
79.10381440222868,50.825537285458175
50.95269891920688,9.827864212202812
37.748887008156316,59.60728345503444
25.55691050052174,68.99382044267468
50.89914334095753,49.26506047039183
46.092672007799706,68.49576506728121
61.74561360929665,24.982587283743694
47.84944602542048,29.216536041509457
32.0942182659691,53.072964621285315
75.06077444266371,57.15672091726297
56.53437319260779,70.34868302888418
46.18836932602462,59.58386700122841
52.46957797174608,32.09556365952436
57.11062934842487,53.195684331115785
28.567150791598472,59.010911679322234
52.36541329944215,21.886490019543064
43.248147900591626,49.34549795392977
57.60949978444627,44.96626184092663
38.89727113090582,40.17960389381382
40.929472173543765,57.48165577629008
74.94306647846086,32.75477710163114
68.46368136323204,56.25319268005474
0.5665823004903743,58.39236693813342
67.35142973696468,66.2564496539146
48.895219606133644,33.14871105811093
39.37726905651482,27.42148672468179
34.892378964385244,54.183554110085176
35.763235575800174,45.70593149198447
39.80096082862377,93.5397539374058
33.09301124477234,56.87747714364398
29.681005083910364,50.872425675562724
34.39429773734134,47.40758066485377
54.85090782598531,31.729072318408267
50.751352228561956,58.458223294318955
58.337846773277846,48.81282460593803
49.004452411849186,48.82529474855848
30.399810040328124,51.41664988247983
57.41661385240409,53.318187948758684
34.92966081687628,23.911165311237173
59.69921452983401,62.55534509556398
32.51119995564559,37.30333437776116
39.68785060394712,47.92951703797059
44.57912539148128,69.28857380997934
60.11607201585423,76.69172888405171
52.63995878191093,24.492583420604127
50.300019832263864,50.45367241511973
78.28503177582958,54.09369777749054
22.445252581622817,27.387049607128304
34.424335359491735,62.03887046627247
33.78217282941513,51.74394016121259
23.440215351165882,52.91239393542495
39.20720730670959,36.23670622487098
60.31653745695059,56.19329965072023
41.12528902226373,62.57335934584906
45.004955420205356,51.909468255889
24.161677581795768,42.2909614855542
38.05211637259479,43.45896022930454
43.07451926618624,53.305935606889484
59.63600633820671,50.73196067570944
24.876254031226683,63.572331786790926
43.17486881418293,42.79612568713751
66.30227045103337,31.724290958887625
43.32375071565104,55.39079115980755
18.266578788219817,42.83705220501945
69.18763666022286,61.7552292355455
61.023454138074996,50.11307945686401
63.040957626181864,59.822198065472335
23.84324529881909,34.78524429903818
72.68683588770821,52.150793948447316
38.400858723332036,39.51105188924126
42.35841583669654,31.694395203856697
39.45834251011995,37.08338182893477
64.20405772932811,41.832843623362116
47.303024712420566,68.67041790535778
57.226115488814386,41.43589400761011
51.138515343265524,30.926896245826654
48.57436994460619,51.97216133745003
35.79823904380706,50.43770991016512
77.18210880961648,42.61920481984703
28.049095572421564,47.5816480123081
56.183809610520264,64.64340628994856
55.64984888160918,60.06058648098765
67.31534429228638,58.76345310310597
70.82135048568918,32.24481823219654
47.93917100874837,93.29822092572985
57.955914588871295,65.76878315411332
76.47310565678764,57.755428447863075
49.02234849616622,32.53532338404186
34.00349787402235,64.21595169101161
44.23297830950868,42.48307234551008
30.430310020782994,47.08593793046052
55.577252164920836,24.788310859110755
65.96684312210952,31.37775371089236
48.18437761898692,56.57819748240703
25.685599258195392,65.09352012905735
65.32476252586517,60.27356629692552
23.35551557651332,59.76228495114423
26.81067833115438,49.0285031456044
47.32492418757922,43.89939476950682
53.776778685132484,54.333427153480905
56.333712481375315,62.321124846504105
49.0079067193029,50.07293382400387
76.40065647702286,68.15378029870107
50.977525116248025,46.773961042759886
65.52002152629404,35.29581597055923
61.80431846142047,49.844566369384985
30.606894016932056,51.58958417389353
47.45404269071718,48.769548990853856
81.84980769921529,69.20983341323392
42.43473719089614,62.079529710860584
39.880692134649635,28.535885170674355
52.558633722155335,73.01550521297429
42.97220106109922,8.87874408756241
38.09443130746642,82.26536559278746
42.7507490855362,45.69041729664686
71.48014507052937,47.156483950227496
47.95071962783641,49.0997564153954
30.07887450867932,55.77808149260271
27.323801928677536,49.99605198099736
83.10207398081704,47.99907216744099
46.64998445848847,69.63377464034278
56.518677514481276,58.48394119626275
38.42934160490586,35.617942184438576
54.814789539071235,61.11010871503587
71.88994477402298,57.86160504775009
40.21605224384368,41.820894116281714
56.87880169922874,61.88207639543242
28.913805861644178,47.63641098165441
80.34299177550187,46.67489791812349
54.02803895366862,46.266303238505984
43.808092334715624,13.578229145714012
45.531888150707545,42.099510005980974
42.34942738228497,60.69759863188402
43.1164225381476,49.66383135644355
13.287572864755099,30.722203552163755
48.530514018548665,64.46946882788056
47.90181979091432,45.520997606849065
57.329923058907156,31.676367640077153
42.1528438033771,83.09018692506523
38.43445528788466,34.20241108268367
49.88337583320537,63.19237266928565
25.81447822864274,38.46028848718093
52.151347813018766,52.03740251860733
22.072711107174186,36.46728554947737
66.81227973246195,31.41043728089512
60.264049334911626,57.83303817007114
36.1072118536398,56.07935817701601
59.917070200070555,67.16974166328598
51.67271336380822,49.48427104556205
34.8648465337271,83.30527691189738
19.656857641563658,54.02520001155553
54.746535251396786,58.50162021855819
38.08577229297448,29.623561323391574
66.4245435454412,40.78873527316204
50.21050600822777,57.795195507739656
39.50625955254024,48.73658356379626
76.96758099635707,52.81524702551954
58.64669738904508,37.7525936642871
-4.826297726561592,51.82920460207432
42.704123468137006,51.77818837387604
29.23866511981365,32.293474701721415
38.00303093419537,-95.0
47.82901401622196,24.499025796230466
55.3107276288132,52.76357120896526
53.920486131703605,76.4838904073825
66.16809614847203,60.20825806728623
59.54897566263,60.11448869055656
58.62120393688258,36.53859987576973
53.02238484699912,76.5359307972929
69.30198279088852,70.65077141903433
45.25585185213624,37.346149656566496
45.64545096897214,42.87855137277685
21.416399705412047,68.81984067390032
65.84246065715054,76.94221067475137
48.84611366331268,31.029709473645678
94.00408559256908,34.944338454131355
43.91700962356313,47.84319865366746
51.32867194125103,17.43358955836227
58.197574304126206,50.28567740314135
33.47150040516931,67.78615271044977
55.378215708188414,28.42044475646376
50.51992148085778,51.906604474626306
45.44467715484743,41.2734394250703
67.58905938114509,74.59918923130877
36.44376923134016,41.453122068004234
54.12353169623332,72.78489631622875
71.8199643707757,41.03817393783159
39.40067366065553,61.56763708001195
45.546710259615516,53.779184275440485
85.17956845207743,47.92591000228548
57.11586597734085,38.142071464190366
42.40703785036074,54.8464313197684
62.03937140117717,43.39197106272632
41.47859672613461,39.65350662787793
26.526261137598937,72.0908411206358
70.58545917897754,58.212953412398406
33.45411103803478,59.65458427860804
86.77568937495937,44.12602222081606
42.66001436806692,47.21032479375043
81.99897022342783,46.271349989733324
29.469933972199133,55.058583687514655
65.38240379399379,59.62705177763759
57.49589409476975,49.546229445326425
62.566193383327274,38.110325087290384
64.52034060014391,61.40855685539823
42.53382286578242,50.50105802312504
30.367342369955026,28.38745431843529
49.23623404491173,17.970578748804677
53.34545386377701,54.4684576319071
42.92233068266743,37.55789301683444
54.163309552397926,56.46593194094679
54.9443829676211,38.36572536704099
36.34960330184201,51.99778658742511
55.92456922535698,44.323977080568625
45.99181964458032,76.27881215409957
39.500286496949435,64.25473486727967
61.810627073359896,70.20945350281745
38.345131824596834,50.360716536785986
43.149986151429104,62.33541408672322
51.080762752799835,51.37475116401713
70.61467430981358,72.0438705115059
52.89176116586447,48.9115690211559
57.924324987120016,29.037659894588092
45.535361960052555,20.020677121190918
48.82265563435489,75.02466679346773
49.26684149720609,57.17756711226289
54.39959354025537,58.16385275062613
45.5604864042761,72.34471763437372
70.09999828214313,25.22397584411067
44.40250642246787,44.62098177152288
24.39138297191949,46.458952555774495
91.14194906555029,61.13412849810523
45.08946963584372,39.61039662348676
69.69754680637021,31.97939384727815
71.07186262939638,31.844770235043395
64.17821468375573,67.2412711440803
47.029591706038964,38.862018592953234
54.300272298115146,41.71973773517283
30.882346860426093,59.51747226091857
79.85221660727414,39.5158188764765
37.22291002725996,24.425773658665374
46.19148555888687,26.274482394126515
51.48479730560376,49.14788904926812
48.3884036774456,57.459926455478325
40.146900765599085,46.9663213422437
70.91508578082032,56.45664055713603
64.2541892523242,25.807437109885463
54.8307080648854,26.820446885478376
44.00670416004875,83.80903874441361
65.96413807766706,68.4917640820502
43.03297050833652,61.53457837847776
73.55587760506724,40.10412993898341
51.66831373225141,46.42990713904324
68.44672290459073,49.974840242995995
48.29269510724625,69.71519170574786
51.07299773061417,56.04174149667637
68.38131592188,57.888707019317025
,47.4851759732375
73.40550226257322,61.88997600260127
63.15701929066775,54.5348412114691
58.83925149436395,50.6603409911852
42.39576964610561,38.853737417205934
54.42844611658149,48.296423868475514
36.30426224004903,33.807009443300664
55.63673200527161,49.39791491019568
56.6007599104036,51.33367036947349
20.587322877977126,13.932224230905291
50.581079137875605,46.54490691349245
,32.361796930931106
48.744352142914664,57.47958988275042
55.37073258284856,-67.0
29.87416634965529,43.60490273502024
38.362035416596115,58.23533130682874
65.52407244745899,58.86600404502592
50.00857498468665,46.554262408823476
55.098184719723626,73.01430462955487
,39.12387594490248
50.292410349152846,72.07048554879749
15.469817297972021,46.62200856225192
62.690179076311495,37.35010470161049
77.11899258428706,44.72677286293427
34.02473676178039,33.50916158406015
35.89501718735648,61.76836801083804
56.613198473562235,25.958465328870854
72.10818935760119,70.84412830653238
49.96854023925583,35.961991973803094
31.560229687812438,62.54980057768932
46.8707414504319,50.36338791590702
34.55101879532311,54.06222924574394
39.96730560696835,41.14934943083954
45.43938351270025,55.29212000499699
36.06013117637559,52.02461432826296
38.33141413738152,28.131333977460084
51.11801000333365,35.56249995600113
53.22553718205845,41.8863183348529
28.640294992685494,38.675052228103254
55.945725837640055,-54.0
44.27099205302903,50.10521275771249
60.80392285328914,38.31992978540177
61.7074628103179,42.63845263995441
41.83188228567427,42.433053746794
59.212215410565996,45.67925791992401
37.44565940451755,33.87005892920601
69.85643094252936,37.79103334104022
38.01295698715303,61.49910366746316
55.2912441293827,52.7801465505037
47.1858628303358,47.714936801897
34.74658228643598,50.039342259726496
63.51373642677964,49.31658865136884
40.78802286699813,46.86303342902534
24.498917525325403,57.756572580612186
6.769799552479547,56.64739978771889
36.87432958358044,26.42355540159177
70.6386262894846,48.02656721136135
68.8660770125549,27.412709009888523
39.22102396478702,59.533658051835594
44.38317627947931,61.514998352754255
43.02630386665965,40.83831653537456
29.99851781825647,48.24861566997926
35.76752192564985,18.328395543166312
64.71724279101177,64.5918472113804
57.55831807069101,60.64510610377103
54.096332877948335,67.2512789260629
29.97280082508712,72.29816210505649
51.51054821050967,31.63836060534837
15.442325457679672,63.320663024576625
62.64204036890799,72.1895666662769
53.87862351105713,27.581331934561458
29.821513218502545,47.431831822314294
74.2463833623506,44.548970251558636
,62.83192796287247
57.954592733744036,14.090884004838799
58.32757653467993,77.23936544348291
31.40494340971279,48.3119440370811
49.43223963784825,63.741416030257184
25.447582367707053,49.096441434626136
7.304385255097799,57.38187576469511
33.981856596025125,15.178726120757752
40.750625866070045,44.22676440798935
59.66384271216187,62.71641817015518
51.011121275912295,54.33098520070542
51.40318189079219,25.447383609098637
34.783675650746225,50.92137340814919
42.0498304393792,37.718865112077424
36.05110085196259,36.41871123239843
31.625389894552875,27.189585900249234
41.094508595191144,59.28053932860695
51.11768577644501,66.69521665903453
41.41042220863695,81.80214701244267
45.147459958625404,27.889274123856076
60.42372216367085,61.510582418397135
42.48868371963945,62.497570556313626
29.990500535181628,41.29242984172988
58.451802824018586,36.236324218860034
53.98774472762427,33.71386518549605
54.92989247258472,42.089701348096774
59.38757986303565,53.03932393783925
56.84962290961918,70.40168015760219
50.43093038706956,66.58007507015175
85.87178994278139,25.768745835970062
30.725468805470683,38.16735127099232
41.20374082267163,69.49460561464207
64.5100154701725,39.03360751107398
52.13879438143361,49.14628754884736
61.368845510168576,24.42066598078872
52.54634644305307,67.29550123269422
70.61084826739972,21.308776912229177
34.887337165501314,25.357841288200714
70.13689834110065,65.76225591255056
67.56494739806399,78.80092519349836
31.8456632865443,45.64083372912628
59.459981148315094,49.297057822057624
49.354401016451156,63.62419339674483
40.90126971321404,54.34171722046074
21.670712154234206,44.401727309350036
34.83779493324025,-62.0
60.62168210276884,26.498030637725247
62.207619038908355,53.4941265818033
46.839342791357424,48.62124766895786
62.25477714714926,43.43230731330979
64.17890116841207,34.972778066564175
52.319599379395214,36.49203720059854
39.164995642246936,59.2756538076005
56.61581169223467,63.22495472613571
57.30477061488295,45.09325765564075
60.109165855254645,43.51280640130431
62.98104905003359,37.19527930078695
29.567531421181677,64.05230065361387
42.35106131951387,50.46493654483861
21.520679814682705,55.51851468990897
61.20494057533021,55.377051951401945
46.815328280293755,45.38447569199095
56.46221106046123,32.51959850234868
27.864818777147626,35.05800266471121
71.01471274539576,66.91828298971177
32.08491253071088,39.11473527724142
61.61844956573688,43.84456520377474
51.76925256338812,32.984141969431846
47.158358337107316,31.759002216103898
45.94759840081739,38.46252504456916
40.42905486025805,75.32610776366688
69.42794265351154,59.87056086788644
50.18919251528364,42.098166928645654
30.9616770447017,66.24315191827992
44.240596969477394,47.715516900553304
51.925085408044076,70.31510070487758
63.46707922167988,83.1759552559432
40.93070419224189,65.42242608899286
41.933351662931784,51.41826432833866
50.35148190721108,60.48964810274539
63.101372299209885,50.22606828923318
29.468681966059556,22.460024540374363
57.58031946487618,40.18061878681934
43.03906204807016,35.72612606520174
45.1335112737727,39.848134372536904
80.02363617694624,76.90507148959166
47.052961631727115,66.83224614281988
61.3204062546287,56.61327202162471
60.783707558050224,62.18514425677037
32.299641288522395,21.61829771141216
22.31908512165644,60.92275569634294
62.31473138625366,64.09436474303251
33.74680711327222,16.403792184690758
25.037255681434594,61.47855130669099
65.39243322266296,28.63889535999372
34.70859899336611,20.449919653309518
38.41223786473409,69.89477325289367
79.61559732633943,34.89426428581487
25.103969579276434,39.26079890923434
31.15570937889612,64.84406814136018
43.10452786289119,45.421425916213984
,47.29751939406376
36.593820768235204,46.96869640343106
32.62017354015626,55.21398156462178
72.64991486647897,46.60498375413986
53.944791861570735,51.71189111538651
58.77753116313782,42.446628118809414
47.94162235162196,55.27729384819043
54.34182423288705,54.70764547856851
63.99352491664386,78.46828756526273
35.05551478181998,44.28123575489447
53.972539947769725,47.237517232925306
60.44063470111837,53.58236488905562
73.1719601957639,64.4665346647208
79.21836469702642,33.626222702341984
51.04789695472642,51.55364782662602
67.07958424530702,12.382609459173992
9.947480999426794,45.92702124916407
73.28424364065071,66.09090545149041
39.111745074187944,-86.0
46.383538265181635,52.652564229279676
56.61656726550532,42.06641638424596
47.698364490267295,37.10896703399476
52.946800693522015,64.57228997402152
73.81539452339214,34.32111965231519
44.23669931981043,54.3944794079464
33.696142752491696,54.62527431149238
77.20195785947827,37.22300724442064
57.90146325507016,52.335278854364425
78.83358462970196,35.97578243798034
62.95444865868356,57.82687812363737
30.14608411979845,30.27581428035659
59.68077007635322,44.90591745212238
35.24077901176168,46.208425105131504
50.111477036595005,66.69433007316005
48.864283945883635,52.100646075678384
25.735042930504157,64.32520235168089
37.8078426565732,58.32036572734818
83.0778095023865,58.224545013436384
,45.02100214654898
47.366057980055714,65.3135882528733
77.19335329911388,44.65744386046996
44.05647034896247,24.052617801048385
48.628694570463196,46.77819247299661
64.86204284184275,56.80214606966102
43.98896302075475,25.9006142193078
38.802188909712484,36.72346461919422
16.19365376958924,31.541173397339666
35.95252529925858,61.800756570634455
35.8095838101558,75.09293955518743
52.37850043202915,46.854512686801755
40.84312601408336,57.97295544602389
82.37028516285794,57.58279048849585
34.135566046477905,73.30695419659942
71.00970030286108,40.2117064407109
53.296294326913234,46.70181552862513
62.101610535685836,44.888470258639124
61.19029392103805,51.130508600603946
16.726467045313754,87.56475203175214
49.82670981535164,50.4621667279597
46.06657794149252,37.1793402108941
33.00532857963099,32.682541596603215
56.89439055823802,68.78967510969571
75.74810473816207,37.11118244032882
9.904945341739008,59.95380438798643
41.982954862374186,39.80463006112058
31.313507538295656,30.99960895125242
51.0766673935654,59.07799400452732
45.11568075275006,40.53882699854702
40.91484180864233,56.3813845885834
60.34260242493588,57.489244112690656
74.54271951585648,58.193978675187026
89.91977977636753,45.9777697408522
38.90556427297118,60.29275334757061
22.68686672272896,36.16180507327876
58.3879465111751,13.18864623403799
74.15727102984805,60.603382596801616
62.205349505610926,52.483857572562044
74.09520559295467,40.848826339790435
46.61769994096821,27.932708570374324
,19.451325517469854
51.73153861101969,50.77615022313458
45.041702189496675,74.73178948594929
59.94641032010516,47.921638753535305
64.54651667005237,44.57996919962682
65.7212549685783,49.63448236256235
57.65889006206585,82.68807667863155
53.68733490012949,61.278563399797
61.91640033876273,35.99637122449416
20.55512138520918,50.42155855853155
53.15856128500913,54.98655366732411
50.78717085755677,34.15491700131733
,61.3870493351384
48.68564680618653,37.732868042834696
56.47783240192424,27.33581348989894
41.38095617698977,51.142003307596674
66.94285144180445,48.76766210764467
57.104746661202114,49.98467146695958
52.26028786825791,38.530330735058186
39.5372514404582,40.62331073193438
62.22975327811858,66.92669990553667
53.09989547741736,56.61628422501123
38.66774909694625,35.648808851340725
49.150076863801424,20.739546583698388
59.436239288618594,36.283753968316844
58.27360308229738,52.35948608240286
57.305134517122326,40.52102422468337
51.38797087611616,39.35524692234769
65.38729299952846,41.16259341604005
68.56694755717416,48.90938655895568
61.05983923513311,61.76941869437523
41.18823087716439,49.993711940814606
34.12907424064224,50.92905532276476
41.8409034954261,46.62709454175769
79.30485121965086,42.509647517678914
54.225438707410305,63.41361306979894
81.89662741289578,61.136031017662944
48.197024846188455,80.67919876499076
46.117794942606174,59.15846447583879
48.88915195033889,42.523785172888054
48.61738879920045,36.43023036334715
38.395236321984136,64.29417891067425
32.76727597749985,37.77519673534835
57.520049407712946,62.14605029783107
65.82351076396046,38.60129009161079
86.67471950999602,55.23737575680921
43.49430639963467,34.10373177700457
44.71016769703888,61.69828031498122
38.43156058323474,31.494925167361263
66.88591144060351,54.094359942600526
62.22481182194397,47.03240098659482
36.8459812718821,51.5270965583939
36.46702869540585,44.06294248757549
64.28772137893846,43.711100789435136
55.74794226812612,52.32171806014657
61.37583069516716,34.967924328652224
36.75847282491631,34.87966907499985
21.8341270413469,44.62175750542382
36.87552474979745,44.03794790421489
60.316500950168404,34.91905304293438
81.66586967952337,63.86322039371997
43.55804015708588,44.98289872352593
84.13783822815299,46.60006695505833
62.44729651237532,30.0870751104568
29.104515474367606,81.07453781918178
53.21050756716548,86.4060109333237
